-5.031264556236919816e+01,1.253384346929549942e+01,2.345600599125824637e+00
-5.024155814908922224e+01,1.247528061485534145e+01,2.150586918620729815e+00
-5.017713781840418363e+01,1.242226613536547219e+01,1.951718689191295653e+00
-5.011892076292357245e+01,1.237443890041059902e+01,1.749633554453520645e+00
-5.006703320840519211e+01,1.233193364087933475e+01,1.544650472962866061e+00
-5.002021401351086638e+01,1.229373264105166896e+01,1.337613215727880167e+00
-4.997766841650959435e+01,1.225920946700536085e+01,1.129005811176318375e+00
-4.993906146025769033e+01,1.222814288607984423e+01,9.190898582579896114e-01
-4.990328358418889110e+01,1.219962889194245648e+01,7.083127786416127947e-01
-4.986984897399791095e+01,1.217328981169637991e+01,4.968660525996452804e-01
-4.983832876001256551e+01,1.214882609595885299e+01,2.849003127923967482e-01
-4.980826002176338818e+01,1.212583127520230875e+01,7.255955623863648285e-02
-4.977974002809542498e+01,1.210441203265993693e+01,-1.401598171140916727e-01
-4.975245200108598453e+01,1.208430942769444982e+01,-3.531690969842831707e-01
-4.972610738392827301e+01,1.206528469728739772e+01,-5.663965439187528261e-01
-4.970056187735779929e+01,1.204726460162000024e+01,-7.798085192358490403e-01
-4.967542178268496400e+01,1.202989276768386340e+01,-9.933225884171941189e-01
-4.965041587196473927e+01,1.201300884485054254e+01,-1.206891613445587375e+00
-4.962538337859066928e+01,1.199645099453634245e+01,-1.420483051312686484e+00
-4.960013364122546164e+01,1.198008584329421744e+01,-1.634063746871463607e+00
-4.957441246352986752e+01,1.196372743517932768e+01,-1.847588695177765139e+00
-4.954835768499791016e+01,1.194744857524604242e+01,-2.061079308996386139e+00
-4.952214794959824928e+01,1.193144448309917038e+01,-2.274571720258725449e+00
-4.949595455158174673e+01,1.191579181656063113e+01,-2.488092179296031325e+00
-4.946968676704286594e+01,1.190044978383064489e+01,-2.701626069031991761e+00
-4.944312086892423963e+01,1.188524326749926452e+01,-2.915132755042781021e+00
-4.941629247435544414e+01,1.187017653195066913e+01,-3.128616518034777805e+00
-4.938910919485332585e+01,1.185522842184580306e+01,-3.342063744276317472e+00
-4.936169617628349471e+01,1.184044146793483776e+01,-3.555492794442540294e+00
-4.933399539418042679e+01,1.182580801865121245e+01,-3.768895290958961475e+00
-4.930613103394883012e+01,1.181140869339519739e+01,-3.982292407405116919e+00
-4.927809103390517720e+01,1.179722365024909259e+01,-4.195680878582699336e+00
-4.924972160698483492e+01,1.178317152795783684e+01,-4.409034591213064402e+00
-4.922128904839805585e+01,1.176940925091545331e+01,-4.622398775068186083e+00
-4.919290561107030868e+01,1.175606736100409222e+01,-4.835796158689737112e+00
-4.916493928902254851e+01,1.174339792178579600e+01,-5.049289403781910934e+00
-4.913745145839162376e+01,1.173145151791931440e+01,-5.262886414714317951e+00
-4.911087174250732090e+01,1.172057759852702929e+01,-5.476655033712710008e+00
-4.908542578987184868e+01,1.171090747740559301e+01,-5.690619326687049728e+00
-4.906155157879005202e+01,1.170282386392311125e+01,-5.904830107747802259e+00
-4.903937339549355556e+01,1.169637611187120285e+01,-6.119277679901241385e+00
-4.901903659414487890e+01,1.169168744975702445e+01,-6.333953536888283331e+00
-4.900087458116292538e+01,1.168901831849979089e+01,-6.548858282737466396e+00
-4.898459465417192860e+01,1.168810830710762616e+01,-6.763929196365160657e+00
-4.897004449526964009e+01,1.168889146570690940e+01,-6.979125311317016411e+00
-4.895693151330086579e+01,1.169109234070417358e+01,-7.194403335922578968e+00
-4.894547130733611340e+01,1.169489701674928384e+01,-7.409753641121900714e+00
-4.893600656389664039e+01,1.170055893413190162e+01,-7.625158599700005979e+00
-4.892868734980517331e+01,1.170816474982548883e+01,-7.840587541896919532e+00
-4.892438479685232977e+01,1.171840974436269889e+01,-8.055987003399041058e+00
-4.892296108976730551e+01,1.173113276703433172e+01,-8.271291418701657960e+00
-4.892480791206267554e+01,1.174665439510789611e+01,-8.486409862403130333e+00
-4.892993225861278717e+01,1.176495618278709365e+01,-8.701254421106057180e+00
-4.893817810928359080e+01,1.178590098250543861e+01,-8.915762563907478011e+00
-4.895001613854174849e+01,1.180986859938234090e+01,-9.129784637795316016e+00
-4.896478798273233934e+01,1.183631866558838297e+01,-9.343331510010440155e+00
-4.898256713506914650e+01,1.186531953199115108e+01,-9.556318240309558121e+00
-4.900381375766900760e+01,1.189720587992863443e+01,-9.768570986912383347e+00
-4.902835207304745779e+01,1.193181538360512661e+01,-9.980041079770607837e+00
-4.905635244660197714e+01,1.196929173969033755e+01,-1.019059274717412400e+01
-4.908743543895131012e+01,1.200933407364994210e+01,-1.040023616576705479e+01
-4.912113355788466862e+01,1.205158154277792448e+01,-1.060904332418058260e+01
-4.915717122474652712e+01,1.209585785231845634e+01,-1.081703925663096832e+01
-4.919491227184872884e+01,1.214167586512258445e+01,-1.102439830470808246e+01
-4.923362411804563976e+01,1.218849443163616897e+01,-1.123135594213226440e+01
-4.927241062504905500e+01,1.223569357949435066e+01,-1.143821325203891881e+01
-4.931070863821151562e+01,1.228284478769737476e+01,-1.164517221495020394e+01
-4.934794519928298939e+01,1.232952738611809451e+01,-1.185243044314719185e+01
-4.938335230185938229e+01,1.237520411449076363e+01,-1.206023194989804814e+01
-4.941601282428159436e+01,1.241920281165182871e+01,-1.226884120592030669e+01
-4.944514811868446458e+01,1.246094286614122204e+01,-1.247842988154755695e+01
-4.946954168640204585e+01,1.249953250537090454e+01,-1.268922052399264189e+01
-4.948805543048872835e+01,1.253412730875330539e+01,-1.290129867411122788e+01
-4.949940969589008688e+01,1.256376520086208615e+01,-1.311462626803615095e+01
-4.950205772156521533e+01,1.258726569009815144e+01,-1.332899284598614287e+01
-4.949408437575798558e+01,1.260314104679801517e+01,-1.354390194568638961e+01
-4.947231177704331628e+01,1.260889410636550778e+01,-1.375831031587843789e+01
-4.942962298925461795e+01,1.259887296020336578e+01,-1.396921693990402602e+01
-4.935427148424667365e+01,1.256329904377160744e+01,-1.416742499075595241e+01
-4.923798592800874729e+01,1.249398533327319250e+01,-1.433397323188674832e+01
-4.908792513622574205e+01,1.239442799646167259e+01,-1.445096988857497067e+01
-4.892073801732408356e+01,1.227716996602022270e+01,-1.451887695389569011e+01
-4.874804472779975129e+01,1.215229036827439302e+01,-1.455065376384495046e+01
-4.857452462650460490e+01,1.202447570574570967e+01,-1.455717568901825487e+01
-4.840165332187086733e+01,1.189586991193366572e+01,-1.454823306113124737e+01
-4.822968457236910922e+01,1.176718884088668560e+01,-1.452869185261799601e+01
-4.805860366535504369e+01,1.163873314672246195e+01,-1.450133152800973946e+01
-4.788835496078578302e+01,1.151064259266347989e+01,-1.446777094129327956e+01
-4.771880815924291852e+01,1.138293730356853573e+01,-1.442949586753295499e+01
-4.755001840603694774e+01,1.125573018848191253e+01,-1.438649483296540410e+01
-4.738173328043333044e+01,1.112893223717216884e+01,-1.434041587225036274e+01
-4.721396000747390787e+01,1.100261536297460729e+01,-1.429124902157096422e+01
-4.704651841917135613e+01,1.087671330481658671e+01,-1.423993067592820161e+01
-4.687928098277972566e+01,1.075118270585489988e+01,-1.418705790825484847e+01
-4.671216865274490004e+01,1.062605247613150539e+01,-1.413285610237851131e+01
-4.654511722830971365e+01,1.050127465199250665e+01,-1.407766298017718576e+01
-4.637809131934388063e+01,1.037682871161826448e+01,-1.402164921276025389e+01
-4.621106609804942167e+01,1.025271049574041982e+01,-1.396491048912191957e+01
-4.604399703955918710e+01,1.012896090689036654e+01,-1.390749924176071417e+01
-4.587679425422998492e+01,1.000550048002638093e+01,-1.384985518123926695e+01
-4.570937161607214705e+01,9.882304153979495354e+00,-1.379228434943250647e+01
-4.554166806602771089e+01,9.759354897186987898e+00,-1.373500371085211746e+01
-4.537347845732428908e+01,9.636633150058301567e+00,-1.367866899785556178e+01
-4.520480785193873174e+01,9.514117781018164521e+00,-1.362333323134161489e+01
-4.503555091484468420e+01,9.391770742299460295e+00,-1.356943734695238923e+01
-4.486558739756951297e+01,9.269566179188975852e+00,-1.351747713970437026e+01
-4.469479403691774877e+01,9.147511063836443412e+00,-1.346794526186653052e+01
-4.452311807887271300e+01,9.025609593468072234e+00,-1.342116536661564119e+01
-4.435061121663736117e+01,8.903865179914225436e+00,-1.337711659853231438e+01
-4.417727847918633444e+01,8.782297706268481718e+00,-1.333591135879568412e+01
-4.400307543674452404e+01,8.660947806960756168e+00,-1.329785494035351512e+01
-4.382802453406250009e+01,8.539851492619010997e+00,-1.326301738543596365e+01
-4.365225047126429558e+01,8.419016590069817951e+00,-1.323103095556922604e+01
-4.347581938352383446e+01,8.298468146029712500e+00,-1.320168291946287731e+01
-4.329872205501639115e+01,8.178271705429246197e+00,-1.317502306539785906e+01
-4.312108134023355177e+01,8.058414563907097872e+00,-1.315053992622652856e+01
-4.294297152989729227e+01,7.938892588624595348e+00,-1.312788933342504727e+01
-4.276440892213165057e+01,7.819742293388421750e+00,-1.310690504631672759e+01
-4.258543597913482159e+01,7.700970075813853732e+00,-1.308731460058213436e+01
-4.240614653322975869e+01,7.582535682394955678e+00,-1.306859108171753192e+01
-4.222657232786905013e+01,7.464462481616886080e+00,-1.305031826500616887e+01
-4.204680001184595994e+01,7.346731493303291671e+00,-1.303178800100693557e+01
-4.186692601133732694e+01,7.229293655427184717e+00,-1.301240703744608496e+01
-4.168703004163666748e+01,7.112185363137610850e+00,-1.299132160951211645e+01
-4.150724206318445653e+01,6.995359622208960459e+00,-1.296788774088152074e+01
-4.132767879469592742e+01,6.878830506601234518e+00,-1.294145785802758652e+01
-4.114847084271727340e+01,6.762642339690086324e+00,-1.291136715344718233e+01
-4.096961383698660342e+01,6.646774073935835858e+00,-1.287811719200410820e+01
-4.079123246629187349e+01,6.531329989418530602e+00,-1.284105820340379722e+01
-4.061331810655807573e+01,6.416261383707166921e+00,-1.280072975353274600e+01
-4.043592206134600531e+01,6.301651444188783202e+00,-1.275695890267594024e+01
-4.025901224893343766e+01,6.187474953348850448e+00,-1.271018738844991702e+01
-4.008268598623336487e+01,6.073791748291728965e+00,-1.266013109635226996e+01
-3.990695906496794265e+01,5.960604830949259636e+00,-1.260693540783431388e+01
-3.973176947670137338e+01,5.847923672147983254e+00,-1.255096514343400571e+01
-3.955699014087002041e+01,5.735722084338829241e+00,-1.249278736734043704e+01
-3.938245793549691598e+01,5.623973239299051130e+00,-1.243301690790561231e+01
-3.920806366437041390e+01,5.512641362165775050e+00,-1.237207572961851199e+01
-3.903368576609742746e+01,5.401718703480059780e+00,-1.231034602554768043e+01
-3.885922196319364019e+01,5.291146188895816671e+00,-1.224823179536210915e+01
-3.868432242256669440e+01,5.180889082181706407e+00,-1.218678725205561086e+01
-3.850886487237137601e+01,5.070864307591239850e+00,-1.212652953204344186e+01
-3.833269272780137982e+01,4.961089111580482047e+00,-1.206792394435295535e+01
-3.815581818143139969e+01,4.851548434690478473e+00,-1.201102317642687112e+01
-3.797817127341053123e+01,4.742225106555070013e+00,-1.195614536888190926e+01
-3.779960354061952188e+01,4.633152521051948192e+00,-1.190381699087582135e+01
-3.762018733348341470e+01,4.524315699380460742e+00,-1.185396366469516494e+01
-3.743986016404384287e+01,4.415725541477681482e+00,-1.180694187126566064e+01
-3.725844506266479783e+01,4.307402675709321116e+00,-1.176363622424895716e+01
-3.707587640325854750e+01,4.199377722341623098e+00,-1.172466058444466519e+01
-3.689226590432858899e+01,4.091690076617945593e+00,-1.168987349593256120e+01
-3.670773851892052875e+01,3.984386079795356306e+00,-1.165895838933617235e+01
-3.652238376632198680e+01,3.877508685811242195e+00,-1.163171922884961340e+01
-3.633631052860716437e+01,3.771105260939829673e+00,-1.160771040848722890e+01
-3.614969104282645418e+01,3.665155045315014348e+00,-1.158604931982232600e+01
-3.596264296266016913e+01,3.559647416428111999e+00,-1.156597457728945066e+01
-3.577522284045349465e+01,3.454580388621865339e+00,-1.154709086497885728e+01
-3.558744887666048129e+01,3.349978981311019677e+00,-1.152916001345349706e+01
-3.539941959224451296e+01,3.245787869823503868e+00,-1.151151718997181028e+01
-3.521122876272759328e+01,3.141977126690135069e+00,-1.149336440816067473e+01
-3.502295782831796345e+01,3.038544017136601383e+00,-1.147393536071029096e+01
-3.483477217283209626e+01,2.935447338809832551e+00,-1.145207068650585569e+01
-3.464694060998099445e+01,2.832646709471367874e+00,-1.142618502511546907e+01
-3.445973551656018685e+01,2.730158638941583060e+00,-1.139505307514937549e+01
-3.427358947196574235e+01,2.628071553397600013e+00,-1.135703323091580330e+01
-3.408898631541601532e+01,2.526492896431679291e+00,-1.131103455312171668e+01
-3.390652902482933939e+01,2.425603421967864826e+00,-1.125591232543718334e+01
-3.372688020400228481e+01,2.325645041312812467e+00,-1.119077393538226772e+01
-3.355083533831962228e+01,2.226938724155723470e+00,-1.111476943380011662e+01
-3.337938940684265532e+01,2.129901102052364159e+00,-1.102704470429732098e+01
-3.321361607963699925e+01,2.034982997534796390e+00,-1.092701686610544698e+01
-3.305447447537136441e+01,1.942641723082197291e+00,-1.081458506337486369e+01
-3.290245929197896402e+01,1.853184090921038418e+00,-1.069053503021408957e+01
-3.275846399019111743e+01,1.767067067956781479e+00,-1.055505204688333976e+01
-3.262292709632907872e+01,1.684583332932784838e+00,-1.040900076742498115e+01
-3.249526526865761156e+01,1.605578120457571867e+00,-1.025420298547224363e+01
-3.237513443462041351e+01,1.529974653502890192e+00,-1.009184207597358984e+01
-3.226263196911244080e+01,1.457890933856167859e+00,-9.922551863751992940e+00
-3.215768451484940016e+01,1.389336265098032541e+00,-9.747069578426922121e+00
-3.205977193159888117e+01,1.324109539460541551e+00,-9.566318623399860499e+00
-3.196909416847707419e+01,1.262370390828322808e+00,-9.380627846589257857e+00
-3.188479256418170138e+01,1.203743300979696507e+00,-9.190974922013683823e+00
-3.180689469934515046e+01,1.148271665880875592e+00,-8.997660280250695308e+00
-3.173540054250335984e+01,1.095994384890692785e+00,-8.801012887707868160e+00
-3.166945518574422280e+01,1.046514346013112551e+00,-8.601713260916561410e+00
-3.160955198479577533e+01,1.000123264548251178e+00,-8.399779454350166930e+00
-3.155442143679578137e+01,9.562041243586185679e-01,-8.195942548246819115e+00
-3.150439341323710352e+01,9.149698515335500382e-01,-7.990233413930492468e+00
-3.145830563041656447e+01,8.758573696967224542e-01,-7.783194742174437408e+00
-3.141643211897684651e+01,8.390284995560350900e-01,-7.574843638422534831e+00
-3.137840628604109838e+01,8.043085670983551871e-01,-7.365397227813040182e+00
-3.134385639950177449e+01,7.715315657095178636e-01,-7.155034564930472740e+00
-3.131262818570905893e+01,7.406454023263946418e-01,-6.943868555412148424e+00
-3.128422119259150946e+01,7.113931473567700614e-01,-6.732070748071487643e+00
-3.125875858323052370e+01,6.838798296942560917e-01,-6.519666258082935428e+00
-3.123561995937276592e+01,6.577677273576885142e-01,-6.306819099846828536e+00
-3.121494162931836414e+01,6.331735185830571488e-01,-6.093537617494329872e+00
-3.119624770118964818e+01,6.098375047454522857e-01,-5.879932239265033722e+00
-3.117957192695684654e+01,5.877933642880472931e-01,-5.666022398369843671e+00
-3.116498036858275711e+01,5.670845629043987923e-01,-5.451827516071239721e+00
-3.115236893639709237e+01,5.476352616767423687e-01,-5.237388226903449961e+00
-3.114180978414582412e+01,5.295265856570647856e-01,-5.022720565171209905e+00
-3.113304794106257845e+01,5.126029896573693900e-01,-4.807875929588510289e+00
-3.112604345669814876e+01,4.968534693277959491e-01,-4.592876905479089444e+00
-3.112036827991279253e+01,4.820999059225516969e-01,-4.377767364655828608e+00
-3.111497128076851837e+01,4.678012792846413248e-01,-4.162619720314414629e+00
-3.110935914228645771e+01,4.537467715438670002e-01,-3.947461497114555407e+00
-3.110312720342538739e+01,4.397365982705190302e-01,-3.732317671013760219e+00
-3.109617068007681695e+01,4.257001426682729406e-01,-3.517197551776756193e+00
-3.108905976262364490e+01,4.119476554901051468e-01,-3.302064138213126387e+00
-3.108127277477735717e+01,3.982031092851101572e-01,-3.086953828389960464e+00
-3.107272483662350737e+01,3.844192914241828518e-01,-2.871874756151661323e+00
-3.106374410246184681e+01,3.707796163387625521e-01,-2.656804067124182822e+00
-3.105415611211862625e+01,3.571874034163835532e-01,-2.441756720933953684e+00
-3.104359085673608476e+01,3.434565033668219858e-01,-2.226764299820652937e+00
-3.103172795548025320e+01,3.294352692220080536e-01,-2.011858574457037196e+00
-3.101847170553416433e+01,3.150831532885781661e-01,-1.797055645197668250e+00
-3.100445376172330825e+01,3.007111744313993307e-01,-1.582302210620993188e+00
-3.099052484731148027e+01,2.867185088910791380e-01,-1.367518012481980350e+00
-3.097711330012217346e+01,2.733132834981075732e-01,-1.152663472557605262e+00
-3.096423130006467161e+01,2.605023933473906705e-01,-9.377402289074240338e-01
-3.095154634476597266e+01,2.481256251003208513e-01,-7.227798000357568142e-01
-3.093907316663506535e+01,2.361923744039813033e-01,-5.077818786180674504e-01
-3.092595561078956479e+01,2.242949511268871321e-01,-2.928207581292128214e-01
-3.091087316180594868e+01,2.117870847060233097e-01,-7.802458299680017917e-02
-3.089294908502403914e+01,1.982442382878853715e-01,1.364893200152612340e-01
-3.087207637320148024e+01,1.836140130360143230e-01,3.506652634514401679e-01
-3.084793255811237245e+01,1.677478597923419412e-01,5.644075803086945342e-01
-3.081920004513146338e+01,1.500142258579157950e-01,7.774304227293117320e-01
-3.078474718526026521e+01,1.298590736804393631e-01,9.893823480935474146e-01
-3.074353023963642073e+01,1.067859131173527487e-01,1.199824278390605681e+00
-3.069704138271637461e+01,8.153113724471883206e-02,1.408921227995397762e+00
-3.064794095108867822e+01,5.535569486924573485e-02,1.617309747369056749e+00
-3.059836333680071618e+01,2.929537392006775071e-02,1.825600434954817164e+00
-3.054846994814594296e+01,3.427927805698776243e-03,2.033839732830639679e+00
-3.049836294442731699e+01,-2.220491841867289901e-02,2.242056753386714618e+00
-3.044739788341932041e+01,-4.789755004831831170e-02,2.450057506500274318e+00
-3.039468912606096396e+01,-7.409215688282544399e-02,2.657560004997484349e+00
-3.034005099943182771e+01,-1.008540781467905934e-01,2.864490805760119496e+00
-3.028386494011512298e+01,-1.280235047695181816e-01,3.070953199113939380e+00
-3.022489484018455030e+01,-1.561669962696932146e-01,3.276504801283463220e+00
-3.016301482255230582e+01,-1.853614725213132974e-01,3.481051794792632048e+00
-3.009716692732480325e+01,-2.161061968194268879e-01,3.684123229226439644e+00
-3.002556573147088770e+01,-2.492394917407050325e-01,3.884853140873449906e+00
-2.994731652732485472e+01,-2.851989796481195771e-01,4.082586063241088858e+00
-2.986305195313050476e+01,-3.236754865899080791e-01,4.277360382368156522e+00
-2.977451117075013798e+01,-3.638316037877762366e-01,4.469892193560499827e+00
-2.968294835977025414e+01,-4.050527226174824857e-01,4.660780464755731600e+00
-2.958867358780179302e+01,-4.471958234537063426e-01,4.850140374918430197e+00
-2.949162398630156545e+01,-4.902885124702638375e-01,5.037878297511670489e+00
-2.939240706102766154e+01,-5.340367576302764707e-01,5.224328345980257637e+00
-2.929167267655631335e+01,-5.781271713728648454e-01,5.409882810873336112e+00
-2.919023309489481832e+01,-6.221701924967277808e-01,5.595064628486609237e+00
-2.908832181496932989e+01,-6.660529598202233892e-01,5.780025251191637459e+00
-2.898552894323719897e+01,-7.099689405693214717e-01,5.964489026711483177e+00
-2.888129858273974904e+01,-7.541805509225807391e-01,6.148072480294365150e+00
-2.877506849906089315e+01,-7.989531134881668883e-01,6.330368188256274564e+00
-2.866661701669425710e+01,-8.443903689216294417e-01,6.511186582066619266e+00
-2.855604192007200126e+01,-8.904313738708151682e-01,6.690560092002133530e+00
-2.844322447827446609e+01,-9.371279994165595539e-01,6.868360121167540910e+00
-2.832833681422773964e+01,-9.844111628296872141e-01,7.044673471075793891e+00
-2.821174704484070972e+01,-1.032109909378766677e+00,7.219754510052657892e+00
-2.809354106409773166e+01,-1.080134548355921265e+00,7.393659054436032108e+00
-2.797392004803023013e+01,-1.128433390133443126e+00,7.566516090865413879e+00
-2.785271631580419793e+01,-1.177073236416664059e+00,7.738171476481694455e+00
-2.772980888786438314e+01,-1.226080034892016446e+00,7.908505665194907053e+00
-2.760538067187005140e+01,-1.275413242812177383e+00,8.077636596038086481e+00
-2.747857895269302730e+01,-1.325412853563103788e+00,8.244795549519603028e+00
-2.734904034334290657e+01,-1.376296728574379458e+00,8.409569252853804855e+00
-2.721660690455191656e+01,-1.428113653637279157e+00,8.571732485977413774e+00
-2.708127365670098285e+01,-1.480853829203418126e+00,8.731179287631988473e+00
-2.694324638137285888e+01,-1.534450900057741762e+00,8.888010921421969357e+00
-2.680245851641860710e+01,-1.588876059233202742e+00,9.042080533429579958e+00
-2.665888856839936594e+01,-1.644178877513845727e+00,9.193237736758412382e+00
-2.651231361864493508e+01,-1.700463269557717538e+00,9.341113475881950734e+00
-2.636221614550104420e+01,-1.757942258548883085e+00,9.484941248012829007e+00
-2.620828539889599185e+01,-1.816777390538167225e+00,9.624083856510631918e+00
-2.605036031317741774e+01,-1.877057258000885298e+00,9.758028926717951634e+00
-2.588833398320802814e+01,-1.938833081648573931e+00,9.886272920326424796e+00
-2.572222893721999526e+01,-2.002096314704868707e+00,1.000843863260814892e+01
-2.555207652946638319e+01,-2.066819401641093901e+00,1.012409765434233933e+01
-2.537816600535302669e+01,-2.132882837325914771e+00,1.023321633261580743e+01
-2.520052825626581594e+01,-2.200287441697344804e+00,1.033526969140509166e+01
-2.501920484588057292e+01,-2.269028516582187738e+00,1.042965562720658212e+01
-2.483442885853555637e+01,-2.339008017577516085e+00,1.051610208057351237e+01
-2.464652027660284261e+01,-2.410084797980216464e+00,1.059453073912287913e+01
-2.445587930208261085e+01,-2.482072813858301696e+00,1.066515399734947778e+01
-2.426275329871543107e+01,-2.554872461909965864e+00,1.072772783408725417e+01
-2.406724151514406174e+01,-2.628480144260779472e+00,1.078128877196047597e+01
-2.386951937312372607e+01,-2.702872836064149631e+00,1.082467542733257737e+01
-2.366991988680870662e+01,-2.777962873889682882e+00,1.085681766100770496e+01
-2.346896857335235254e+01,-2.853563423888627604e+00,1.087718623327577916e+01
-2.326726071884920799e+01,-2.929454747352809196e+00,1.088536225930305612e+01
-2.306545145471933722e+01,-3.005388532365727894e+00,1.088117956090152916e+01
-2.286428025171763423e+01,-3.081126939903422901e+00,1.086383330248104784e+01
-2.266444885894318872e+01,-3.156387563959383691e+00,1.083369940366080719e+01
-2.246645754831649811e+01,-3.230931121154583696e+00,1.079188089452314969e+01
-2.227058173751064629e+01,-3.304590275468044958e+00,1.073977053421370265e+01
-2.207696489523729966e+01,-3.377258193930092300e+00,1.067858170469912338e+01
-2.188562693429858896e+01,-3.448878038806828528e+00,1.060946408079812286e+01
-2.169662516375318262e+01,-3.519362457126883559e+00,1.053311747960951728e+01
-2.150990302423653233e+01,-3.588728197542152554e+00,1.045041717177341134e+01
-2.132554608841897803e+01,-3.656945437682324052e+00,1.036167688196273673e+01
-2.114367860789225517e+01,-3.723971303762174667e+00,1.026707025182122912e+01
-2.096454852702769500e+01,-3.789674891154156899e+00,1.016650162646311628e+01
-2.078804515147515630e+01,-3.854134161083595966e+00,1.006063354793531062e+01
-2.061436291368825735e+01,-3.917296024076028171e+00,9.949444288656572155e+00
-2.044409146942841105e+01,-3.978932188741238551e+00,9.832283208948096487e+00
-2.027709556901122667e+01,-4.039136987744094576e+00,9.709794535055102926e+00
-2.011353394610158674e+01,-4.097856421853188991e+00,9.582054200528439480e+00
-1.995378782803100393e+01,-4.154937706040286116e+00,9.448862322471459407e+00
-1.979749134167358093e+01,-4.210553752800296756e+00,9.311038005911781212e+00
-1.964541649261541068e+01,-4.264410355240658035e+00,9.167893149002226849e+00
-1.949713693408617132e+01,-4.316702292287550868e+00,9.020260960130887185e+00
-1.935315347994840351e+01,-4.367233232412888633e+00,8.867836938523522505e+00
-1.921313870849411742e+01,-4.416149131742415079e+00,8.711248604809874507e+00
-1.907750046852494563e+01,-4.463288858250594515e+00,8.550319628212935896e+00
-1.894564388628819884e+01,-4.508885397218617364e+00,8.385841859210623639e+00
-1.881801737662615892e+01,-4.552741243756563527e+00,8.217593654130796565e+00
-1.869362164990370800e+01,-4.595232925571374416e+00,8.046597309910378470e+00
-1.857283213553438728e+01,-4.636168150611270633e+00,7.872660419268070697e+00
-1.845499509493199852e+01,-4.675813046063437284e+00,7.696414317843139230e+00
-1.834016864164451732e+01,-4.714122244223620584e+00,7.517900387602213463e+00
-1.822828778375999903e+01,-4.751112308256100647e+00,7.337248972916707856e+00
-1.811891573392964361e+01,-4.786963287570438652e+00,7.154839446015365922e+00
-1.801223233213823605e+01,-4.821536328307638897e+00,6.970598342205660991e+00
-1.790724694352635282e+01,-4.855204901779058169e+00,6.785217884778263375e+00
-1.780396452776376393e+01,-4.887926557766584246e+00,6.598714344985860514e+00
-1.770199644783090775e+01,-4.919813431973876661e+00,6.411344413246513163e+00
-1.760107095218080886e+01,-4.950981864025139068e+00,6.223290063966603114e+00
-1.750108394451753568e+01,-4.981388590337983757e+00,6.034610321977646130e+00
-1.740162313338998956e+01,-5.011235564154746136e+00,5.845563490093889314e+00
-1.730264823103323835e+01,-5.040457961764051475e+00,5.656164275618303705e+00
-1.720386694639199376e+01,-5.069195515803676777e+00,5.466589783594782759e+00
-1.710510140527817668e+01,-5.097464922948912402e+00,5.276936732470962177e+00
-1.700603260236261249e+01,-5.125358658486916852e+00,5.087386258917203641e+00
-1.690642639195012009e+01,-5.152960406671656557e+00,4.898074979143062890e+00
-1.680596515132051039e+01,-5.180305675909104401e+00,4.709178864875148030e+00
-1.670461991626927301e+01,-5.207472280974603684e+00,4.520729689056427247e+00
-1.660210073598021197e+01,-5.234444480365704422e+00,4.332888756210967252e+00
-1.649845478452547809e+01,-5.261290360592354887e+00,4.145649134116174750e+00
-1.639338424004931127e+01,-5.288037585289147025e+00,3.959191411625013757e+00
-1.628680809673006991e+01,-5.314714643365937796e+00,3.773580251119596163e+00
-1.617866757924825549e+01,-5.341366369149674220e+00,3.588872424116334336e+00
-1.606868411748865100e+01,-5.367981693982123659e+00,3.405250889691697314e+00
-1.595702668854812600e+01,-5.394598402115802216e+00,3.222642811021856346e+00
-1.584342475048544863e+01,-5.421233099743429484e+00,3.041241338291642560e+00
-1.572770636083659745e+01,-5.447926594022370672e+00,2.861191352429648393e+00
-1.560995801443080211e+01,-5.474697419792411424e+00,2.682473944000408395e+00
-1.548986090316917164e+01,-5.501542441307549325e+00,2.505337747107284407e+00
-1.536762257925508912e+01,-5.528463516068285344e+00,2.329684281539736723e+00
-1.524334644237202063e+01,-5.555441906731492629e+00,2.155474748226036574e+00
-1.511665894175770752e+01,-5.582475784116949669e+00,1.983019868091669302e+00
-1.498785576298166511e+01,-5.609576828379157831e+00,1.812150690275106557e+00
-1.485685262830066122e+01,-5.636747404765566571e+00,1.642973227518544022e+00
-1.472340412036559876e+01,-5.663971272826888281e+00,1.475726378325696864e+00
-1.458783629342052990e+01,-5.691243638673604721e+00,1.310201556026345582e+00
-1.445009957572293402e+01,-5.718557642387097850e+00,1.146483517299126120e+00
-1.430983695878734174e+01,-5.745924705616941353e+00,9.849331745583653763e-01
-1.416742075456306793e+01,-5.773329770229981506e+00,8.252857677881442200e-01
-1.402282714586765344e+01,-5.800767601082728930e+00,6.676123774499029828e-01
-1.387564364703956699e+01,-5.828245558315322761e+00,5.123612515195650197e-01
-1.372626399007250519e+01,-5.855753454020531379e+00,3.592283884463606802e-01
-1.357472611980093369e+01,-5.883276070926345191e+00,2.082326899073958237e-01
-1.342074524021606052e+01,-5.910785998820889731e+00,5.972609959392768259e-02
-1.326489298651015680e+01,-5.938214912059097017e+00,-8.683027177119621853e-02
-1.310736134662125174e+01,-5.965519797088952636e+00,-2.316044042033138795e-01
-1.294810607050048645e+01,-5.992634094052913696e+00,-3.745169755819204860e-01
-1.278738440777002339e+01,-6.019527122703232536e+00,-5.158207491453286053e-01
-1.262529129612637746e+01,-6.046204475987973836e+00,-6.555905096620455730e-01
-1.246175546239373588e+01,-6.072631361765211011e+00,-7.937177993318678126e-01
-1.229679825826128869e+01,-6.098787721127298944e+00,-9.301965284769555531e-01
-1.213056522490794009e+01,-6.124693680321323441e+00,-1.065166859417423728e+00
-1.196313298705147155e+01,-6.150293128669142462e+00,-1.198706337597921667e+00
-1.179458154812556891e+01,-6.175517582859900934e+00,-1.330902745106054219e+00
-1.162500907849441845e+01,-6.200419614541051949e+00,-1.461848197536361749e+00
-1.145439047850205583e+01,-6.224968544835639328e+00,-1.591495358150162520e+00
-1.128274150978903023e+01,-6.249110217565574388e+00,-1.719852587745036354e+00
-1.111016751389688473e+01,-6.272899615215286495e+00,-1.847029753618075532e+00
-1.093653040849733671e+01,-6.296314366379916372e+00,-1.972821260289299161e+00
-1.076169766797328187e+01,-6.319374518722637113e+00,-2.097012134972996655e+00
-1.058581653729387106e+01,-6.342109614696529896e+00,-2.219774504984438401e+00
-1.040860997747223848e+01,-6.364486557731041216e+00,-2.340681768446540190e+00
-1.023018818313430423e+01,-6.386552051176625611e+00,-2.459846570710647828e+00
-1.005041852585026518e+01,-6.408322409893411731e+00,-2.577022020125820490e+00
-9.869166948516269855e+00,-6.429785891929568287e+00,-2.691950106271476351e+00
-9.686571932743840208e+00,-6.450987808385815647e+00,-2.804780629278162074e+00
-9.502181029238192522e+00,-6.471928520191275069e+00,-2.914700890652555998e+00
-9.316166471185217901e+00,-6.492689707623286566e+00,-3.021883436454890770e+00
-9.127975221231727332e+00,-6.513290330962405505e+00,-3.125226560402543097e+00
-8.937737823991167119e+00,-6.533809327892683427e+00,-3.224763386484848837e+00
-8.744970218528639094e+00,-6.554311636959909926e+00,-3.319309655975425155e+00
-8.549495805433918960e+00,-6.574887952495279464e+00,-3.408089783222998381e+00
-8.351216007234226524e+00,-6.595610769721875322e+00,-3.490372610507046502e+00
-8.149769455052485512e+00,-6.616594367197132343e+00,-3.564495695523993479e+00
-7.944999372157161233e+00,-6.637964268548397939e+00,-3.628706266639166955e+00
-7.737033573029812317e+00,-6.659826959821329773e+00,-3.681380373287335583e+00
-7.526191220687234562e+00,-6.682261935247349349e+00,-3.720613987853304661e+00
-7.313160161814419524e+00,-6.705299827353826458e+00,-3.744708308900575489e+00
-7.098947776839743540e+00,-6.729044555363217661e+00,-3.750585323254123082e+00
-6.885567490351294673e+00,-6.753649798265938919e+00,-3.732524810497784173e+00
-6.676319080600500833e+00,-6.779023129542979476e+00,-3.687740494552195436e+00
-6.475936549294453393e+00,-6.804919208571048372e+00,-3.612957814542643309e+00
-6.288832265198514015e+00,-6.830880159104721017e+00,-3.509309989777282812e+00
-6.119803239176337506e+00,-6.856397348916490664e+00,-3.378170267754488698e+00
-5.970946548776354668e+00,-6.881036477356983205e+00,-3.224311890641850642e+00
-5.842665471919000986e+00,-6.904480766572846484e+00,-3.052681106616615292e+00
-5.732652012767643690e+00,-6.926647326952161343e+00,-2.868597098221766117e+00
-5.638184333605976484e+00,-6.947576909179289828e+00,-2.675906726164329896e+00
-5.556978779062016649e+00,-6.967336954691027096e+00,-2.477120684015974739e+00
-5.487052572796346617e+00,-6.986011430905039177e+00,-2.273974928271660811e+00
-5.426572550362561920e+00,-7.003696722619666915e+00,-2.067721105446030272e+00
-5.374207505072766899e+00,-7.020468985496621350e+00,-1.859177424329117256e+00
-5.328897722069384280e+00,-7.036393341227012321e+00,-1.648914814378812821e+00
-5.289821782802733630e+00,-7.051517815810055545e+00,-1.437340771634015413e+00
-5.256593838726295154e+00,-7.065848652579892253e+00,-1.224714443685156251e+00
-5.228374070627979542e+00,-7.079461806510366273e+00,-1.011320144882297711e+00
-5.204582446359229841e+00,-7.092397759457433892e+00,-7.973425594989413945e-01
-5.184714128606299433e+00,-7.104691619758271237e+00,-5.829256113461944722e-01
-5.169478894922044709e+00,-7.116259687769686870e+00,-3.680893985342166830e-01
-5.158524701797051470e+00,-7.127145038944906474e+00,-1.529589794049188989e-01
-5.151610253020950658e+00,-7.137364491126382937e+00,6.237312527735735385e-02
-5.147734979748183726e+00,-7.146994582620651570e+00,2.778116567352539312e-01
-5.145610487090558571e+00,-7.156132033160439221e+00,4.932970830990503486e-01
-5.144289248483434385e+00,-7.164845806283993923e+00,7.088067136898259513e-01
-5.143079592289041990e+00,-7.173206817564826920e+00,9.243310057523013157e-01
-5.142119266448143655e+00,-7.181201952163915436e+00,1.139870352109256579e+00
-5.141505896607157844e+00,-7.188821342645997703e+00,1.355424643909341142e+00
-5.140630450981316990e+00,-7.196114495236875186e+00,1.570989260817638122e+00
-5.139571954371715989e+00,-7.203074193251795876e+00,1.786564110830834995e+00
-5.138968461120000164e+00,-7.209646694171073733e+00,2.002152847249695000e+00
-5.138223257985040426e+00,-7.215882211755038078e+00,2.217750925817276286e+00
-5.136385515970080640e+00,-7.221861537643142981e+00,2.433349796260144693e+00
-5.133999898630976055e+00,-7.227540335029540408e+00,2.648951619853846307e+00
-5.131292749307083234e+00,-7.232899753170168644e+00,2.864557784153413333e+00
-5.128116606003745304e+00,-7.237938089177382572e+00,3.080165325954796085e+00
-5.125008127690284354e+00,-7.242629216631959466e+00,3.295781603888491951e+00
-5.123163370289072205e+00,-7.246863336361229813e+00,3.511420832053194996e+00
-5.124110762531708829e+00,-7.250508386114788983e+00,3.727075165958392944e+00
-5.129675870697605333e+00,-7.253406317410687976e+00,3.942665911349405583e+00
-5.141248967508763812e+00,-7.255439620566530579e+00,4.158026472098638848e+00
-5.160011587868767791e+00,-7.256480199307013379e+00,4.372885608232109256e+00
-5.185267805375389116e+00,-7.256597027903779917e+00,4.587083356874970264e+00
-5.214686570484911243e+00,-7.255984589417700192e+00,4.800754802063729620e+00
-5.246089455638585974e+00,-7.254819106923335426e+00,5.014141875332069453e+00
-5.280808235447848276e+00,-7.252994779300093953e+00,5.227006607868961652e+00
-5.319783189523663580e+00,-7.250410946397719769e+00,5.439126578155972780e+00
-5.362235587075750765e+00,-7.247135030938379074e+00,5.650569881599619926e+00
-5.406460690572797212e+00,-7.243321208733346950e+00,5.861642136961800809e+00
-5.452214354390783946e+00,-7.238980638036638382e+00,6.072377954074354989e+00
-5.498710055592282764e+00,-7.234191394376011885e+00,6.282942130807173342e+00
-5.543796627580424463e+00,-7.229149929922207285e+00,6.493805643407194239e+00
-5.586791510217678614e+00,-7.223915100527813493e+00,6.705101506929615596e+00
-5.628915661390567315e+00,-7.218390785123457221e+00,6.916565700813114503e+00
-5.671096466300126870e+00,-7.212471352099724342e+00,7.128007828870304152e+00
-5.714043346661108025e+00,-7.206100860131906316e+00,7.339282552698707995e+00
-5.757439511176735358e+00,-7.199312337170398202e+00,7.550452562555268976e+00
-5.800288455001891386e+00,-7.192194286596313546e+00,7.761723296242124981e+00
-5.841978226682285502e+00,-7.184798171923116428e+00,7.973215888944326757e+00
-5.881625714230820812e+00,-7.177223187352734790e+00,8.185093082632736383e+00
-5.917790164384516771e+00,-7.169612676530458195e+00,8.397587794107083781e+00
-5.948745061546354407e+00,-7.162142203286270714e+00,8.610904999956357386e+00
-5.973214061131798758e+00,-7.154947652973312699e+00,8.825070649673065759e+00
-5.990162927295408224e+00,-7.148135976894208099e+00,9.039973629695222002e+00
-5.999281708310649996e+00,-7.141754659326795540e+00,9.255361928199791421e+00
-6.000709663176965414e+00,-7.135807256873864191e+00,9.470950225848296711e+00
-5.993990486385068372e+00,-7.130352606520451886e+00,9.686444369969279933e+00
-5.976694674536926932e+00,-7.125657876534768675e+00,9.901356342496315577e+00
-5.947027361259041633e+00,-7.121922513116445863e+00,1.011493175222018515e+01
-5.905023055586409164e+00,-7.119164752547127328e+00,1.032643637384852475e+01
-5.850741810127842335e+00,-7.117401492164251664e+00,1.053513355384935934e+01
-5.783947915076425694e+00,-7.116674784637810447e+00,1.074016910686461834e+01
-5.704195875590385434e+00,-7.117050305033925994e+00,1.094052375855390125e+01
-5.611714447413548079e+00,-7.118512140059820581e+00,1.113533572271719407e+01
-5.507719754174774884e+00,-7.120924860853747873e+00,1.132425094836587753e+01
-5.394019817441855658e+00,-7.124088083757309953e+00,1.150747749627782213e+01
-5.271645105008102128e+00,-7.127878605911821097e+00,1.168501772025168073e+01
-5.141028685623509453e+00,-7.132244166282160514e+00,1.185656704387215399e+01
-5.002012355759188900e+00,-7.137207266103753334e+00,1.202135899504800598e+01
-4.854482949272114212e+00,-7.142788113079575396e+00,1.217854981582918583e+01
-4.698867664268442823e+00,-7.148938788267294342e+00,1.232772421247296180e+01
-4.536196642990386607e+00,-7.155528723568794547e+00,1.246915856605606976e+01
-4.367180814742500417e+00,-7.162468628483480870e+00,1.260293728330893614e+01
-4.192583458065531232e+00,-7.169659885268242938e+00,1.272934489475427533e+01
-4.012881228830247338e+00,-7.177017963937190714e+00,1.284838109228399716e+01
-3.829001531072202535e+00,-7.184420046428375173e+00,1.296085034900296584e+01
-3.641380328854423531e+00,-7.191820888941900414e+00,1.306695130973720076e+01
-3.450309126002550464e+00,-7.199186240174062057e+00,1.316672322622695646e+01
-3.256032100675542384e+00,-7.206433098602538223e+00,1.326011734139009235e+01
-3.059129824677231824e+00,-7.213510668623240640e+00,1.334784507863543190e+01
-2.859810719831248349e+00,-7.220411935274543502e+00,1.342995112746762487e+01
-2.657771302951631220e+00,-7.227136375966733972e+00,1.350512996705330515e+01
-2.453436244492705143e+00,-7.233688053984421273e+00,1.357383039280469283e+01
-2.247162580498097029e+00,-7.240002039527705158e+00,1.363651685310810535e+01
-2.039139463661832963e+00,-7.246005262736694874e+00,1.369315992713183405e+01
-1.829816611026662931e+00,-7.251686065081727861e+00,1.374483592282500233e+01
-1.619295581298587416e+00,-7.256962228238847068e+00,1.379145199519512843e+01
-1.407848492185606259e+00,-7.261817227609727254e+00,1.383371097251058401e+01
-1.195617128980576593e+00,-7.266240709141339238e+00,1.387190399768986993e+01
-9.826113285900311967e-01,-7.270175047235251320e+00,1.390556479102294851e+01
-7.690288708872009549e-01,-7.273660189851693048e+00,1.393540680663031672e+01
-5.549461870037645239e-01,-7.276627553017386063e+00,1.396149013045145715e+01
-3.404269741945153971e-01,-7.279083635559661758e+00,1.398374924537131925e+01
-1.255559385230988201e-01,-7.281057987468317449e+00,1.400238143881590958e+01
8.962925868698151666e-02,-7.282482158890937640e+00,1.401701091520166464e+01
3.050428575775692153e-01,-7.283413272718125775e+00,1.402776832926265804e+01
5.206249228263885032e-01,-7.283869650759315029e+00,1.403444187174805968e+01
7.363015715871578104e-01,-7.283801405338929058e+00,1.403633715807896998e+01
9.519682456188979236e-01,-7.283280839013596797e+00,1.403375493261865614e+01
1.167540471883618869e+00,-7.282278115870880697e+00,1.402682890243684888e+01
1.382927181062868049e+00,-7.280735663997103480e+00,1.401557115530939690e+01
1.598078472016762897e+00,-7.278693551803348427e+00,1.400056056091329637e+01
1.812888793356674855e+00,-7.276159283067571870e+00,1.398130943056760600e+01
2.027211425675036427e+00,-7.273116732250789696e+00,1.395730376691024155e+01
2.240974516834533414e+00,-7.269620622479802563e+00,1.392880820569023115e+01
2.454057630743962104e+00,-7.265672728707064820e+00,1.389564204292275029e+01
2.666251692971246978e+00,-7.261250393720358076e+00,1.385725428460409958e+01
2.877535910605717451e+00,-7.256399854701730767e+00,1.381419445437749438e+01
3.087806675416865598e+00,-7.251125085343797849e+00,1.376646305676899651e+01
3.296648976916388918e+00,-7.245431749734661864e+00,1.371288024481697221e+01
3.503945981464365644e+00,-7.239403767639148057e+00,1.365365117710441645e+01
3.709472069760649582e+00,-7.233063001638019074e+00,1.358855460152530803e+01
3.912997869112294858e+00,-7.226359853807272415e+00,1.351748076593686143e+01
4.114806443494925858e+00,-7.219304597711331262e+00,1.344170641389509768e+01
4.314721612698086517e+00,-7.211897372289580943e+00,1.336109245894896702e+01
4.512471363953345360e+00,-7.204133857173030897e+00,1.327534110865019379e+01
4.707978045035444481e+00,-7.196090046038205124e+00,1.318462210091966114e+01
4.900893981474938599e+00,-7.187769946379584773e+00,1.308853388274482654e+01
5.090930930577278524e+00,-7.179216987894704083e+00,1.298689990010654327e+01
5.278037644281245555e+00,-7.170483726323632290e+00,1.287997717920749530e+01
5.461707840826721672e+00,-7.161557775127931791e+00,1.276726399967024150e+01
5.642154109062414769e+00,-7.152481528889857110e+00,1.264948136691962333e+01
5.818996619698237005e+00,-7.143287578501227308e+00,1.252635358515511754e+01
5.991929239931244489e+00,-7.133994537277567716e+00,1.239780628556909825e+01
6.161145328359691753e+00,-7.124644050306057963e+00,1.226440403488927977e+01
6.325709039933527400e+00,-7.115270816848304314e+00,1.212530421248715129e+01
6.486134122699794169e+00,-7.105906969787354477e+00,1.198145814026430855e+01
6.641458692016617427e+00,-7.096624321853751916e+00,1.183211056204062572e+01
6.791740042825757051e+00,-7.087457533316836589e+00,1.167768855296439945e+01
6.937100546847612570e+00,-7.078387037621157063e+00,1.151861118074314483e+01
7.077427828434675661e+00,-7.069423176025135369e+00,1.135507609887913461e+01
7.212923815507879866e+00,-7.060582175567621910e+00,1.118750377040285926e+01
7.342980587700070672e+00,-7.051900869172899711e+00,1.101567105602685004e+01
7.468224543713807506e+00,-7.043377928618684614e+00,1.084028762624900999e+01
7.587744155001731272e+00,-7.035055764199205974e+00,1.066094461041613428e+01
7.702393737551918917e+00,-7.026923083568841655e+00,1.047844420812003285e+01
7.810974936809692792e+00,-7.019069698215328224e+00,1.029225650725071972e+01
7.913949645735595340e+00,-7.011507574941554743e+00,1.010290363615732367e+01
8.010559807292434442e+00,-7.004309448529168591e+00,9.910207780758245377e+00
8.100648867962146227e+00,-6.997521526259371072e+00,9.714371026724798242e+00
8.184134252962632416e+00,-6.991177514253061887e+00,9.515609088078202049e+00
8.260223740347447219e+00,-6.985354927898413280e+00,9.313887277348710469e+00
8.329541981206602941e+00,-6.980032873620131362e+00,9.109727256459354550e+00
8.391256491111960258e+00,-6.975283515129896195e+00,8.903122416129541250e+00
8.445965408546063813e+00,-6.971066172161052066e+00,8.694547898257766860e+00
8.493735020201613750e+00,-6.967390208270064278e+00,8.484259021690657931e+00
8.533352083703393376e+00,-6.964377534849070628e+00,8.272274074971470270e+00
8.565757979772810060e+00,-6.961960393679026637e+00,8.059065198637892280e+00
8.591020382960666169e+00,-6.960120071189875190e+00,7.844878662358495625e+00
8.608955557861257546e+00,-6.958867906408427118e+00,7.629953545560200112e+00
8.620397160009893867e+00,-6.958132831776319804e+00,7.414582279658384678e+00
8.624992887988003787e+00,-6.957935224531412999e+00,7.198950949617826112e+00
8.623111442023692064e+00,-6.958239598900563649e+00,6.983282857920797504e+00
8.615343885447684258e+00,-6.958990428168791098e+00,6.767742554305296032e+00
8.601164862206539752e+00,-6.960209281726577046e+00,6.552529697077631887e+00
8.581746156942303472e+00,-6.961789861828281190e+00,6.337731286460929425e+00
8.557147203594835716e+00,-6.963704822367742686e+00,6.123463017032568345e+00
8.527736727753520540e+00,-6.965895632389203840e+00,5.909805945206564104e+00
8.494054656086053257e+00,-6.968323092183974055e+00,5.696780725039305437e+00
8.456142643070137410e+00,-6.970925821357566221e+00,5.484467730330019997e+00
8.415073844670571290e+00,-6.973612511101702438e+00,5.272744558667866954e+00
8.370739201553979214e+00,-6.976368120203012779e+00,5.061680684427270371e+00
8.323314253901136439e+00,-6.979171138588624146e+00,4.851290979546924120e+00
8.273405801873940035e+00,-6.981959972405014980e+00,4.641474503736571222e+00
8.221178237956682011e+00,-6.984666686005156500e+00,4.432222058772163464e+00
8.167244883861044968e+00,-6.987261915357162678e+00,4.223401111489803128e+00
8.111631616847869708e+00,-6.989693121588640423e+00,4.015019101365288279e+00
8.054648172553054764e+00,-6.991952267170713498e+00,3.807005520006782717e+00
7.996645032943871634e+00,-6.993979074578098754e+00,3.599271161229619320e+00
7.937798697054007313e+00,-6.995741516274135208e+00,3.391771726001013842e+00
7.878437985854943371e+00,-6.997224125943418471e+00,3.184416512005862288e+00
7.818929764465084808e+00,-6.998330061519121514e+00,2.977101202847793893e+00
7.759619732840683959e+00,-6.999071098014784553e+00,2.769727535249812966e+00
7.700631983278365844e+00,-6.999378176025568443e+00,2.562260818125644324e+00
7.641883730813054498e+00,-6.999304290377764914e+00,2.354725979775642131e+00
7.583326917802175160e+00,-6.998834284741500156e+00,2.147137559005109608e+00
7.525181726236273683e+00,-6.997942368128302171e+00,1.939434901426920543e+00
7.467515935069949151e+00,-6.996637591327393935e+00,1.731600852609071595e+00
7.410858021985180955e+00,-6.994817985504331759e+00,1.523494053885609656e+00
7.355347519767406084e+00,-6.992519484335248947e+00,1.315082863481750408e+00
7.301264534728113986e+00,-6.989641060763396752e+00,1.106303863501279405e+00
7.248463604219706369e+00,-6.986270952512935395e+00,8.972047766889921228e-01
7.197522603158517995e+00,-6.982285854832429806e+00,6.876555647696225293e-01
7.148496078518830288e+00,-6.977719757055536043e+00,4.776631000300998742e-01
7.101994196430764461e+00,-6.972479246760393323e+00,2.671129565983889065e-01
7.058517765200857497e+00,-6.966511037358436020e+00,5.593860390424950507e-02
7.018395556882616404e+00,-6.959797131435147222e+00,-1.558768298713704425e-01
6.982679106556433091e+00,-6.952178740761062237e+00,-3.684468701754042841e-01
6.951468922440345644e+00,-6.943695492992501883e+00,-5.816894521566924325e-01
6.925655824245974479e+00,-6.934225234801234983e+00,-7.956131298118238604e-01
6.905957387224254340e+00,-6.923695318204957871e+00,-1.010130602671555522e+00
6.893033007520704025e+00,-6.912059969478326238e+00,-1.225099987289624881e+00
6.887997515998381282e+00,-6.899203288421579927e+00,-1.440330726017674978e+00
6.892821766392690286e+00,-6.884915414770890862e+00,-1.655472391318400405e+00
6.909566889372050547e+00,-6.869014375348153401e+00,-1.869886576618025487e+00
6.939627505173315392e+00,-6.851398989258279393e+00,-2.082695007112015162e+00
6.984724645296956247e+00,-6.831946769222085436e+00,-2.292655563580065614e+00
7.047182922512879699e+00,-6.810502003944584715e+00,-2.497907757784368243e+00
7.129911753687277809e+00,-6.786894364499139520e+00,-2.695576154160573612e+00
7.234080156587735289e+00,-6.761186116250194722e+00,-2.882494569836519638e+00
7.360562292339251300e+00,-6.733504016789064295e+00,-3.054780785319640479e+00
7.509706976218415875e+00,-6.704071137630992716e+00,-3.207531586894122544e+00
7.677689094484478005e+00,-6.673437733855061005e+00,-3.339006935402898169e+00
7.862234044451787085e+00,-6.642030389007339330e+00,-3.445785077675829644e+00
8.058978555910202957e+00,-6.610369753778511992e+00,-3.527840235011599823e+00
8.264332225449571467e+00,-6.578857790080014034e+00,-3.585294567587298697e+00
8.475012763019456941e+00,-6.547796542410377896e+00,-3.618959376072594214e+00
8.687935869209699291e+00,-6.517214075594709222e+00,-3.633867175931718041e+00
8.901460336285170527e+00,-6.487048505450469627e+00,-3.633557234447529982e+00
9.114648389063653156e+00,-6.457247206509070914e+00,-3.620414461597006639e+00
9.326890146779861723e+00,-6.427753069584587031e+00,-3.595964413450205122e+00
9.537916461634335263e+00,-6.398451594927247577e+00,-3.562453349893292209e+00
9.747643181414405333e+00,-6.369257975818134021e+00,-3.521503117255478266e+00
9.955945068110464646e+00,-6.340132486782375842e+00,-3.473750927573422853e+00
1.016278501434373993e+01,-6.310991382850923870e+00,-3.420028074514219973e+00
1.036835378831560384e+01,-6.281789280540318821e+00,-3.361646469476832433e+00
1.057251259438267077e+01,-6.252441716345698453e+00,-3.298573494715583809e+00
1.077554583067665384e+01,-6.222941738306698944e+00,-3.232032587010084335e+00
1.097728534543577439e+01,-6.193221008239352621e+00,-3.161756044970643220e+00
1.117804227327214051e+01,-6.163279221136325425e+00,-3.088808770547596616e+00
1.137762059144660221e+01,-6.133042146323219868e+00,-3.012811648532053077e+00
1.157629438266551070e+01,-6.102539258329830574e+00,-2.934583780341782244e+00
1.177397223079906041e+01,-6.071700681034063685e+00,-2.853999802773089289e+00
1.197072716357912903e+01,-6.040562185059362932e+00,-2.771299980866789525e+00
1.216648670026243373e+01,-6.009136936521638717e+00,-2.686377278139029823e+00
1.236114846539066647e+01,-5.977425952253264896e+00,-2.599070307779872913e+00
1.255478245112862901e+01,-5.945489519560371861e+00,-2.509586958560089176e+00
1.274721847478901360e+01,-5.913265543294789595e+00,-2.417655123128658712e+00
1.293871315296007474e+01,-5.880773781620225904e+00,-2.323870245917334820e+00
1.312918743661267484e+01,-5.847999999117948988e+00,-2.228126702767305289e+00
1.331863140581502059e+01,-5.814925064582962655e+00,-2.130460843306003049e+00
1.350715377632054448e+01,-5.781588045115880981e+00,-2.031115297596582714e+00
1.369443677633948830e+01,-5.747997818243723245e+00,-1.929537017884976224e+00
1.388054812619750855e+01,-5.714215221008772438e+00,-1.825891066429815801e+00
1.406530267616552798e+01,-5.680309516322499697e+00,-1.719885473647134289e+00
1.424850082496873327e+01,-5.646266021239047639e+00,-1.611254197992706194e+00
1.443043784926118711e+01,-5.612086305665664909e+00,-1.500565691424908810e+00
1.461098221438938083e+01,-5.577776457995960335e+00,-1.387659927345367805e+00
1.479010960773795702e+01,-5.543311310127434943e+00,-1.272564369653493399e+00
1.496801423749722559e+01,-5.508702575662416834e+00,-1.155630711816314271e+00
1.514453700532045133e+01,-5.473953865187299428e+00,-1.036662308704450197e+00
1.531951552897185387e+01,-5.439117166423353744e+00,-9.154599824752234216e-01
1.549295041167691167e+01,-5.404255624805603730e+00,-7.920662410071122039e-01
1.566450111844059201e+01,-5.369424794262828371e+00,-6.660587906097377164e-01
1.583413414165449318e+01,-5.334655160063666912e+00,-5.374647198822277705e-01
1.600192096276785136e+01,-5.299973186217378895e+00,-4.064475751349712618e-01
1.616756347578920838e+01,-5.265411201817613573e+00,-2.726992077245050106e-01
1.633110276678548800e+01,-5.230994787001977286e+00,-1.363505972492635998e-01
1.649261614928597552e+01,-5.196737890706202734e+00,2.432102564259926332e-03
1.665169893975445348e+01,-5.162697655442661571e+00,1.440454748069659174e-01
1.680841186769539775e+01,-5.128917399551818690e+00,2.883373355253188719e-01
1.696278355356368550e+01,-5.095414617986161687e+00,4.351961952082480933e-01
1.711433264674635168e+01,-5.062257759443825833e+00,5.850427710857961650e-01
1.726345703907698592e+01,-5.029409089191533511e+00,7.373688359505428114e-01
1.741013058941456038e+01,-4.996874609125236510e+00,8.921229968602835125e-01
1.755392136116433832e+01,-4.964729427415585761e+00,1.049639797479144709e+00
1.769526913920362787e+01,-4.932919724185380161e+00,1.209418801865906667e+00
1.783390015538459750e+01,-4.901502847141346209e+00,1.371636341518477575e+00
1.796953362569578871e+01,-4.870554288452682457e+00,1.536457945364460009e+00
1.810261023908245548e+01,-4.839994308361804443e+00,1.703422803740934910e+00
1.823284764883100806e+01,-4.809854485511851685e+00,1.872687096860776279e+00
1.836062596096312660e+01,-4.780053380026293652e+00,2.043875473897574402e+00
1.848604657769971027e+01,-4.750584663155911436e+00,2.216855706706127638e+00
1.860872886281307004e+01,-4.721498502686890752e+00,2.391853618868517106e+00
1.872923158724182358e+01,-4.692703845686898134e+00,2.568406544874970443e+00
1.884733677562988419e+01,-4.664228452787310353e+00,2.746623394382465833e+00
1.896311947107144746e+01,-4.636058020724740381e+00,2.926406842967929300e+00
1.907690129611852115e+01,-4.608129246677012958e+00,3.107500778115189100e+00
1.918845529543539641e+01,-4.580442619243914493e+00,3.290013020885297124e+00
1.929842151927300264e+01,-4.552877878582767934e+00,3.473505061939062166e+00
1.940679987417722785e+01,-4.525375403150002640e+00,3.657948694337404660e+00
1.951393359646619885e+01,-4.497862667413222937e+00,3.843117136477139262e+00
1.962008448736404631e+01,-4.470244779303325977e+00,4.028835140089704225e+00
1.972534624944272252e+01,-4.442481466540782797e+00,4.215037077328645410e+00
1.983004682763939286e+01,-4.414494488410072748e+00,4.401521881645166445e+00
1.993436899438884780e+01,-4.386182459778247278e+00,4.588169669371871429e+00
2.003863928445329279e+01,-4.357488902366802641e+00,4.774788149321275377e+00
2.014314631421640200e+01,-4.328260011449946987e+00,4.961190952003841304e+00
2.024820106839575473e+01,-4.298452219084574644e+00,5.147193407143013211e+00
2.035433217300362685e+01,-4.267824978365295507e+00,5.332449721751173044e+00
2.046186388079786411e+01,-4.236326438898218250e+00,5.516748903519648195e+00
2.057147563883881958e+01,-4.203668018606707690e+00,5.699614827694099439e+00
2.068330917227033439e+01,-4.169844032401660350e+00,5.880914980816827509e+00
2.079782513505842800e+01,-4.134653898407139927e+00,6.060270768786386597e+00
2.091505975483494950e+01,-4.098102303587890738e+00,6.237583515475313867e+00
2.103552012467521948e+01,-4.059998647342386136e+00,6.412389300751136112e+00
2.115989011034362477e+01,-4.020087645511296159e+00,6.584019367203969963e+00
2.128818629506480420e+01,-3.978383626777081794e+00,6.752303779288808094e+00
2.142110643981764895e+01,-3.934573724189716071e+00,6.916409076407208367e+00
2.155812770223074892e+01,-3.888892189249539832e+00,7.076581191600054055e+00
2.169981182558110078e+01,-3.841066247831621094e+00,7.232003977432632347e+00
2.184572846513819755e+01,-3.791271758320564178e+00,7.382814931592426078e+00
2.199602465016649688e+01,-3.739436210799560012e+00,7.528557556765044900e+00
2.215100131915825443e+01,-3.685403763604529814e+00,7.668478457820651961e+00
2.231000386463562180e+01,-3.629446394560186917e+00,7.803024020179715414e+00
2.247331058969188078e+01,-3.571384084821063620e+00,7.931385350222501351e+00
2.264052888974298838e+01,-3.511387886482244092e+00,8.053660893582975433e+00
2.281165236673044561e+01,-3.449444734076552610e+00,8.169401101739444115e+00
2.298684772420384803e+01,-3.385431404634660968e+00,8.277673825556682630e+00
2.316546286813317224e+01,-3.319635180998958823e+00,8.379065841018922711e+00
2.334756168368570783e+01,-3.251965835002907035e+00,8.472746817034380484e+00
2.353271230881895093e+01,-3.182590589582003471e+00,8.558879514990374915e+00
2.372038640015845345e+01,-3.111720150349324143e+00,8.638078173983046781e+00
2.391045413572977552e+01,-3.039313812786075264e+00,8.709829895486770113e+00
2.410226993937460094e+01,-2.965690739822596456e+00,8.775421949096278595e+00
2.429573350247238395e+01,-2.890821931835402925e+00,8.834451048430951303e+00
2.449053007234510559e+01,-2.814844995919738135e+00,8.887347023450313799e+00
2.468644842878105194e+01,-2.737846877890210973e+00,8.934309436366248747e+00
2.488337235393059288e+01,-2.659821937515240098e+00,8.974932353536976493e+00
2.508102443488715139e+01,-2.580949900680546083e+00,9.010023339296479250e+00
2.527935044007187315e+01,-2.501146426539470280e+00,9.038598354205534591e+00
2.547808768389608147e+01,-2.420626415042633983e+00,9.061795333175108880e+00
2.567714362560376884e+01,-2.339316363401994003e+00,9.078657049100652188e+00
2.587631587967406332e+01,-2.257396362830136116e+00,9.090390725259011262e+00
2.607548284128992222e+01,-2.174824549270212071e+00,9.096155204345794942e+00
2.627451675702166156e+01,-2.091739158913366037e+00,9.096723220429566936e+00
2.647325793971610608e+01,-2.008124510556725362e+00,9.091317197320570642e+00
2.667161741660592611e+01,-1.924104727116605407e+00,9.080717351247164615e+00
2.686940158096668796e+01,-1.839671165310591938e+00,9.064245923745454903e+00
2.706658535769669882e+01,-1.754938663323134751e+00,9.042851693542232283e+00
2.726290474207092274e+01,-1.669908810714166858e+00,9.015509776599008873e+00
2.745840091606071454e+01,-1.584690619877014761e+00,8.983291039107623277e+00
2.765272479150285534e+01,-1.499316507367448814e+00,8.944979936961670930e+00
2.784588406479781142e+01,-1.413906973408335155e+00,8.901247886563133704e+00
2.803745933408903213e+01,-1.328557330092533295e+00,8.850936960187008040e+00
2.822747695852678618e+01,-1.243339914806956603e+00,8.794823776838923024e+00
2.841566306355199956e+01,-1.158328233800703266e+00,8.732568772955778158e+00
2.860197547678766483e+01,-1.073580908133396239e+00,8.664575027267554574e+00
2.878623793402665854e+01,-9.891804891404603062e-01,8.590815561958907054e+00
2.896823889965441268e+01,-9.052096420207464966e-01,8.511176826025108610e+00
2.914812279749736135e+01,-8.216666999011685846e-01,8.426440201178337475e+00
2.932543039199286738e+01,-7.386808913285851652e-01,8.335920080397665188e+00
2.950050298915016711e+01,-6.562088151048159901e-01,8.240703355337126723e+00
2.967286193695326801e+01,-5.743926041243736513e-01,8.140123264729714592e+00
2.984271893557935229e+01,-4.932040831020989557e-01,8.034883073211332771e+00
3.000995741787299309e+01,-4.126972139191629196e-01,7.925029917412803826e+00
3.017418269851290447e+01,-3.330321482820508550e-01,7.810130833154103058e+00
3.033561455550801256e+01,-2.541917193644844808e-01,7.690790283452398235e+00
3.049343177388482928e+01,-1.764822576814464306e-01,7.566001176250491511e+00
3.064789333117321846e+01,-9.987739319609323374e-02,7.436423830133318091e+00
3.079863613073527517e+01,-2.453528045167319843e-02,7.301826824412045447e+00
3.094529752900040975e+01,4.937513017406968546e-02,7.162025538199585206e+00
3.108812060243058539e+01,1.218926167888767509e-01,7.017596018949086911e+00
3.122608373059103926e+01,1.926002928373513612e-01,6.867651584392199027e+00
3.135983338425764089e+01,2.617070072057132712e-01,6.713211941401558747e+00
3.148885412251389226e+01,3.289872342282396112e-01,6.554019140436006197e+00
3.161306388388462096e+01,3.943829032955750158e-01,6.390275735508837762e+00
3.173280358739882701e+01,4.580065048601436040e-01,6.222552113277768804e+00
3.184703386745035303e+01,5.194018736152936633e-01,6.050217831316357042e+00
3.195656121091002433e+01,5.788663325964567008e-01,5.874194457733104002e+00
3.206045632163522185e+01,6.359884090987804051e-01,5.694032351402709580e+00
3.215911262481017729e+01,6.909011773008764123e-01,5.510272444324277430e+00
3.225214787641598235e+01,7.434119772123439773e-01,5.322918127904393337e+00
3.233925918668771260e+01,7.933591775054904538e-01,5.132043905153130581e+00
3.242091096420822538e+01,8.409298338259767469e-01,4.938173517999298490e+00
3.249644132824975884e+01,8.858194452162173604e-01,4.741203345765883981e+00
3.256696093410142367e+01,9.285149711643241321e-01,4.541900361352690041e+00
3.263176930746167415e+01,9.687185058816176753e-01,4.340152788661836070e+00
3.269219088708749155e+01,1.007015928263132132e+00,4.136679016621233274e+00
3.274739833201397232e+01,1.043049822869643428e+00,3.931319458683677048e+00
3.279841285466719825e+01,1.077259077684448840e+00,3.724566734008463165e+00
3.284463269949667819e+01,1.109394278832867675e+00,3.516358777619701392e+00
3.288718192151078767e+01,1.139959438690350213e+00,3.307132637909696804e+00
3.292572158613327815e+01,1.168841640281918837e+00,3.096892403826778661e+00
3.296094404043659409e+01,1.196323511798894401e+00,2.885884457578267615e+00
3.299201666700750479e+01,1.222033867410011521e+00,2.674003146047232438e+00
3.301948517986608778e+01,1.246188636766210944e+00,2.461443015378083743e+00
3.304309347490473669e+01,1.268695410374821364e+00,2.248236787139603621e+00
3.306362177975202599e+01,1.289926456207729721e+00,2.034582195604203392e+00
3.308109758270436629e+01,1.309905251838972440e+00,1.820534467215159102e+00
3.309531092083580006e+01,1.328522703654568371e+00,1.606124203347810697e+00
3.310659168786561679e+01,1.345921731739342375e+00,1.391435834337974242e+00
3.311473565546305764e+01,1.362039570238113839e+00,1.176505478637011937e+00
3.312037600500849521e+01,1.377155666617410068e+00,9.614223252003644138e-01
3.312340860736242121e+01,1.391249703139591620e+00,7.462163621712789574e-01
3.312417049780794542e+01,1.404481337782453876e+00,5.309357683112799764e-01
3.312326859780777255e+01,1.417163616563687167e+00,3.156214540878532482e-01
3.312095714915717082e+01,1.429465953885185492e+00,1.002956226821454938e-01
3.311755606058607526e+01,1.441513425689266770e+00,-1.150302552366270631e-01
3.311289645062719700e+01,1.453253902966652245e+00,-3.303495495253943592e-01
3.310701703214276392e+01,1.464685142025931475e+00,-5.456554201790541070e-01
3.309996609988207439e+01,1.475827766168849253e+00,-7.609415268987147485e-01
3.309160957741514864e+01,1.486640890694193917e+00,-9.761976013645594641e-01
3.308219283824695367e+01,1.497212432172347896e+00,-1.191421940641476773e+00
3.307184078894638901e+01,1.507647913926652095e+00,-1.406610246783825957e+00
3.306093180759124550e+01,1.518126696935758746e+00,-1.621768925509384340e+00
3.304977493703358959e+01,1.528810541251145683e+00,-1.836904863860553405e+00
3.303854184786717241e+01,1.539822318861343131e+00,-2.052020292966993953e+00
3.302735039498212188e+01,1.551182200919426935e+00,-2.267119788000972580e+00
3.301605841600487423e+01,1.562852951414346103e+00,-2.482197403332496499e+00
3.300448327825794337e+01,1.574712269288965238e+00,-2.697249613150273451e+00
3.299250213565998990e+01,1.586691453881792224e+00,-2.912272950546952011e+00
3.298031079550232647e+01,1.598924633643415527e+00,-3.127270189845448911e+00
3.296789342429137548e+01,1.611360863258887832e+00,-3.342242831119352164e+00
3.295492973377383805e+01,1.623869763957296097e+00,-3.557178942144871403e+00
3.294114213579739925e+01,1.636273528025606216e+00,-3.772069672830734355e+00
3.292660356076211770e+01,1.648615434911883781e+00,-3.986914694934484693e+00
3.291171584454814791e+01,1.661130329888193646e+00,-4.201725824497596129e+00
3.289695025237659110e+01,1.674031409605624798e+00,-4.416522494373209540e+00
3.288274420773788620e+01,1.687609653613528993e+00,-4.631315057120083623e+00
3.286926602839884737e+01,1.701899204944173682e+00,-4.846108033604281218e+00
3.285694611962921385e+01,1.717163976140139603e+00,-5.060903414824088564e+00
3.284625188804916718e+01,1.733637328627779972e+00,-5.275695194884083783e+00
3.283774294732701549e+01,1.751607122915758596e+00,-5.490464554603462943e+00
3.283231848528914298e+01,1.771574595255883677e+00,-5.705155344032870168e+00
3.283027158409405644e+01,1.793646558918109646e+00,-5.919697028008829243e+00
3.283280153119883238e+01,1.818483193206880344e+00,-6.133930315128797162e+00
3.284044264316739259e+01,1.846324051205556760e+00,-6.347665411387006351e+00
3.285359861265212800e+01,1.877352539835753564e+00,-6.560694852008485789e+00
3.287367658936548764e+01,1.912305977142320756e+00,-6.772571248624792872e+00
3.290081702297597133e+01,1.951192058739814605e+00,-6.982957374092469749e+00
3.293608565848327885e+01,1.994513763084551750e+00,-7.191254620651672091e+00
3.298057927280891732e+01,2.042774620053034784e+00,-7.396687962378045711e+00
3.303604264721536765e+01,2.096782917596509588e+00,-7.597971938251577129e+00
3.310322628957008817e+01,2.156786156849265890e+00,-7.793889551250959613e+00
3.318285990043168709e+01,2.223016944663500638e+00,-7.982999508466609662e+00
3.327546973167247302e+01,2.295577658416873224e+00,-8.163670590031774310e+00
3.338096226030934588e+01,2.374259374101930664e+00,-8.334443550594201611e+00
3.349866615303330519e+01,2.458583042134911967e+00,-8.494194232961895352e+00
3.362726361368534356e+01,2.547804654452006101e+00,-8.642490519139968796e+00
3.376518100269500877e+01,2.641112001760598904e+00,-8.779491180607134737e+00
3.391070349414057006e+01,2.737690531037433761e+00,-8.905983612625821166e+00
3.406237636862670115e+01,2.836879679034552293e+00,-9.022897971411286022e+00
3.421919274691763491e+01,2.938239527725560851e+00,-9.130832758782142733e+00
3.438003805214434294e+01,3.041305043106273143e+00,-9.230931471565511970e+00
3.454409870936002847e+01,3.145748982029868746e+00,-9.324154012749620080e+00
3.471061899995034139e+01,3.251298679626337229e+00,-9.411613269830105821e+00
3.487903424998217616e+01,3.357815333976490901e+00,-9.494142461715874504e+00
3.504858991323091999e+01,3.465028055489454584e+00,-9.573368653469067624e+00
3.521895602657406954e+01,3.572874981058949739e+00,-9.649958647006073420e+00
3.538970397216593966e+01,3.681255659552943538e+00,-9.724929195461298193e+00
3.556058216979664621e+01,3.790088963940961175e+00,-9.798942708077888142e+00
3.573133047972021359e+01,3.899353801494820804e+00,-9.872619556211377656e+00
3.590170306079227203e+01,4.008953396066430308e+00,-9.946667618780075770e+00
3.607137003062109670e+01,4.118851322722776764e+00,-1.002188235237992764e+01
3.624012882619498299e+01,4.228962549279225769e+00,-1.009880736062390305e+01
3.640767642857124997e+01,4.339220928726968296e+00,-1.017812761526869991e+01
3.657376267726515096e+01,4.449548504224763334e+00,-1.026036994680639580e+01
3.673824430269214503e+01,4.559860406504582464e+00,-1.034579324255786048e+01
3.690069504476600315e+01,4.670063592839223787e+00,-1.043515175691005936e+01
3.706124557182916845e+01,4.780095187259594702e+00,-1.052808403677288140e+01
3.721932111204625215e+01,4.889820573685479843e+00,-1.062550880519502883e+01
3.737503791205907078e+01,4.999178414506845414e+00,-1.072705576151302331e+01
3.752808728570001762e+01,5.108046122526507027e+00,-1.083308275563777556e+01
3.767809476660718104e+01,5.216271707766938270e+00,-1.094400177231725202e+01
3.782520963095223721e+01,5.323812527483814172e+00,-1.105937193829408294e+01
3.796879159755440725e+01,5.430443168089857053e+00,-1.117991912159804002e+01
3.810907511534996672e+01,5.536164471105267104e+00,-1.130506286087121559e+01
3.824605819805585583e+01,5.640916504786355645e+00,-1.143460326809474736e+01
3.837910509388690627e+01,5.744458737315555119e+00,-1.156912437306983676e+01
3.850876633087671763e+01,5.846918698450720875e+00,-1.170771479528120373e+01
3.863508797313362209e+01,5.948277724886178675e+00,-1.185014966676775572e+01
3.875787737890725282e+01,6.048457951382433251e+00,-1.199645677315514725e+01
3.887756044705955105e+01,6.147602565953586229e+00,-1.214600923236910823e+01
3.899458216174495817e+01,6.245871305749916225e+00,-1.229822245882646037e+01
3.910922055244149220e+01,6.343378249783906853e+00,-1.245272536298335631e+01
3.922173673817599138e+01,6.440261978474280724e+00,-1.260917025767296984e+01
3.933250796871955401e+01,6.536686416326608295e+00,-1.276713740717544354e+01
3.944187844905788154e+01,6.632786262252261089e+00,-1.292627417920366462e+01
3.955009365219889617e+01,6.728675764997626985e+00,-1.308632562460148563e+01
3.965736813427240293e+01,6.824455720187547314e+00,-1.324707482839163397e+01
3.976381550191451453e+01,6.920182188562313819e+00,-1.340840497986432389e+01
3.986957701342792859e+01,7.015957379360059143e+00,-1.357015695216180440e+01
3.997499615920292371e+01,7.111909008890164863e+00,-1.373202781857024490e+01
4.008031468154568699e+01,7.208155196310380930e+00,-1.389378919465312556e+01
4.018581906727003172e+01,7.304836520401812194e+00,-1.405516930252057861e+01
4.029166966172035558e+01,7.402031326758467422e+00,-1.421601333536745315e+01
4.039805215687841411e+01,7.499830184780933884e+00,-1.437613858355589258e+01
4.050521819688075453e+01,7.598380339188053334e+00,-1.453527738607415642e+01
4.061337631976783058e+01,7.697772234572782146e+00,-1.469321643101004682e+01
4.072261663503313400e+01,7.798032114130847958e+00,-1.484985564207999431e+01
4.083313272305874619e+01,7.899250635778452434e+00,-1.500497511107874793e+01
4.094509724416647600e+01,8.001506803479689012e+00,-1.515836527552947999e+01
4.105866606987696343e+01,8.104869869752686640e+00,-1.530982244303173267e+01
4.117406268307730244e+01,8.209462705330857091e+00,-1.545903705386083615e+01
4.129141402641679548e+01,8.315333009384927365e+00,-1.560580450065381264e+01
4.141074877527016440e+01,8.422462870872394092e+00,-1.575003440460618442e+01
4.153213843196632382e+01,8.530873826380414471e+00,-1.589156611846100020e+01
4.165563308664295761e+01,8.640575998909401534e+00,-1.603025445270743887e+01
4.178135633142864691e+01,8.751626312052353640e+00,-1.616583396431906294e+01
4.190928664548458471e+01,8.864015655827042650e+00,-1.629820771441521288e+01
4.203915580676307684e+01,8.977578871543551386e+00,-1.642765715424899753e+01
4.217090997874580438e+01,9.092279129235846469e+00,-1.655416565543374929e+01
4.230447595122065962e+01,9.208072108638084785e+00,-1.667774761333152966e+01
4.243992865941186921e+01,9.325003614092018722e+00,-1.679816414680804826e+01
4.257713053689538185e+01,9.442992733272129513e+00,-1.691552932803514153e+01
4.271592357801855400e+01,9.561942127008347114e+00,-1.703001758015953016e+01
4.285624257217935451e+01,9.681813631343992199e+00,-1.714164920632773104e+01
4.299801179449278976e+01,9.802565881813132265e+00,-1.725046676340686957e+01
4.314131325575056763e+01,9.924255837079080322e+00,-1.735618886809402284e+01
4.328601525224181046e+01,1.004678660892418840e+01,-1.745898898152912437e+01
4.343207279888196837e+01,1.017012060145084007e+01,-1.755886937791817815e+01
4.357943102455576678e+01,1.029422457250743683e+01,-1.765584372096889965e+01
4.372817067989750939e+01,1.041910856851705880e+01,-1.774965791561264794e+01
4.387849031179487014e+01,1.054485317953531620e+01,-1.783972849754978540e+01
4.403029953793155471e+01,1.067137153871390076e+01,-1.792613845052061805e+01
4.418354510052638773e+01,1.079861503345418505e+01,-1.800886697688236993e+01
4.433825850322916295e+01,1.092656283796926964e+01,-1.808768383433945104e+01
4.449448378597270448e+01,1.105519711849367326e+01,-1.816229382114410029e+01
4.465230835642778828e+01,1.118453337947381421e+01,-1.823217419537612471e+01
4.481151510128670168e+01,1.131443617325950157e+01,-1.829772488141689735e+01
4.497206647636034660e+01,1.144485451311552460e+01,-1.835882227033141234e+01
4.513397378165464602e+01,1.157574898928007201e+01,-1.841513747358293784e+01
4.529736496277431002e+01,1.170709148856564852e+01,-1.846584060071009148e+01
4.546202336847927228e+01,1.183874774771975780e+01,-1.851135697923269063e+01
4.562793744417801634e+01,1.197064130139883886e+01,-1.855128103683901131e+01
4.579524937369881599e+01,1.210267385709595089e+01,-1.858431115106657217e+01
4.596370522714539675e+01,1.223468697360669388e+01,-1.861097487355499069e+01
4.613341531002926388e+01,1.236647314923913221e+01,-1.862951381551656738e+01
4.630414256205299495e+01,1.249783269879616121e+01,-1.864003866828735667e+01
4.647576761811332346e+01,1.262842100602607154e+01,-1.864109758449740895e+01
4.664796997001557344e+01,1.275800734367869893e+01,-1.863297754052256039e+01
4.682046133575071423e+01,1.288593350477946231e+01,-1.861317447900994182e+01
4.699273485154600394e+01,1.301177495490082237e+01,-1.858178812511085809e+01
4.716420070569506606e+01,1.313484388034849459e+01,-1.853760969886524990e+01
4.733405965333945176e+01,1.325429139609966533e+01,-1.847946761913027913e+01
4.750122393164171797e+01,1.336899690978382083e+01,-1.840599398452889801e+01
4.766429199489753898e+01,1.347761937698430579e+01,-1.831597670985843962e+01
4.782145554008265265e+01,1.357850196944251842e+01,-1.820825571131220499e+01
4.797086562133293342e+01,1.367017416861105694e+01,-1.808278140316039639e+01
4.811063214610950212e+01,1.375124891645670644e+01,-1.794011494087442671e+01
4.823871296385321727e+01,1.382026681486978958e+01,-1.778109171151672641e+01
4.835362926384596705e+01,1.387641324537557352e+01,-1.760757831632266956e+01
4.845499827742492016e+01,1.391991673642213989e+01,-1.742234835257297831e+01
4.854343084071105352e+01,1.395181593675294351e+01,-1.722830236851230268e+01
4.861999979851867693e+01,1.397342483681867975e+01,-1.702788411007399105e+01
4.868629568890031578e+01,1.398638175902635972e+01,-1.682309060431425252e+01
4.874424438596652465e+01,1.399250288786042695e+01,-1.661545350551738665e+01
4.879544887197078396e+01,1.399324166894127686e+01,-1.640595108914842370e+01
4.884113026184933659e+01,1.398968399033973142e+01,-1.619519215310522853e+01
4.888229006836213131e+01,1.398272568958324413e+01,-1.598358563719119552e+01
4.892036841167364969e+01,1.397354823033283822e+01,-1.577148567340736207e+01
4.895632647063852971e+01,1.396296264985342717e+01,-1.555907893195864666e+01
4.899080682759091587e+01,1.395152372782715844e+01,-1.534647087512223607e+01
4.902459322500805428e+01,1.393983757311746530e+01,-1.513376453066353378e+01
4.905809756946113254e+01,1.392828892237567295e+01,-1.492100603700845163e+01
4.909188281638797946e+01,1.391730425617708988e+01,-1.470826233324457277e+01
4.912632663822782320e+01,1.390721406320033537e+01,-1.449558013955735625e+01
4.916191964766473177e+01,1.389842804871770099e+01,-1.428303019814880770e+01
4.919896153585239773e+01,1.389117824732402795e+01,-1.407066999458539058e+01
4.923815829355194040e+01,1.388609880211556735e+01,-1.385863527707575749e+01
4.927954505518111716e+01,1.388317878647629122e+01,-1.364697684017938784e+01
4.932368026645930570e+01,1.388295039468512115e+01,-1.343585420479380232e+01
4.937035975609554583e+01,1.388521514584309102e+01,-1.322529321035266570e+01
4.941970117543957741e+01,1.389010466891926399e+01,-1.301538315001504031e+01
4.947157036496524540e+01,1.389752400013020051e+01,-1.280615823262160191e+01
4.952546327404731841e+01,1.390702520630278727e+01,-1.259752812217709561e+01
4.958133378970436667e+01,1.391863008092542486e+01,-1.238952490557551123e+01
4.963844915088110810e+01,1.393165600829528827e+01,-1.218194410132124794e+01
4.969679373903530006e+01,1.394614065887748922e+01,-1.197480170598211657e+01
4.975594010851938975e+01,1.396168708789393875e+01,-1.176796399253173675e+01
4.981598824167492978e+01,1.397839290447327798e+01,-1.156147679295923858e+01
4.987712404180995662e+01,1.399643730013458054e+01,-1.135542205915506209e+01
4.993901247092768614e+01,1.401549532467053005e+01,-1.114968293774385799e+01
5.000169753192488287e+01,1.403566454707481981e+01,-1.094429141162639141e+01
5.006500644225305052e+01,1.405673321957381461e+01,-1.073918150645982905e+01
5.012876449359273323e+01,1.407860224698434237e+01,-1.053429460658771966e+01
5.019312411979615263e+01,1.410136902107656631e+01,-1.032969394101570160e+01
5.025787034643713014e+01,1.412486396654757925e+01,-1.012529728294167697e+01
5.032244149975743852e+01,1.414859261854780215e+01,-9.920872263870881724e+00
5.038652784522329142e+01,1.417226120160498581e+01,-9.716287765136664589e+00
5.044988443396066913e+01,1.419569221941903692e+01,-9.511449011634077522e+00
5.051234591132333662e+01,1.421868559724956960e+01,-9.306286150743604324e+00
5.057346953290366542e+01,1.424091414065791739e+01,-9.100636861314983506e+00
5.063317663911310262e+01,1.426225075673570153e+01,-8.894478180505952736e+00
5.069140440807556303e+01,1.428267822569359780e+01,-8.687804405985907863e+00
5.074832487925993973e+01,1.430233067327302976e+01,-8.480691888806076051e+00
5.080408988739126386e+01,1.432133795885908967e+01,-8.273204629783165842e+00
5.085883493774666420e+01,1.433984321643105098e+01,-8.065400690368740300e+00
5.091286798083875453e+01,1.435807161454571457e+01,-7.857385715540549320e+00
5.096642025589376601e+01,1.437628783398795562e+01,-7.649245337985758120e+00
5.101975767381083671e+01,1.439466421141014862e+01,-7.441063877528386605e+00
5.107316613927336135e+01,1.441348840531022013e+01,-7.232940766660345133e+00
5.112707617402811877e+01,1.443312481368323930e+01,-7.025022467127063130e+00
5.118177430708627895e+01,1.445381543280372405e+01,-6.817412591479486750e+00
5.123792207979956004e+01,1.447618127716482839e+01,-6.610365384481509565e+00
5.129580712956818900e+01,1.450043491457986278e+01,-6.404011501078437973e+00
5.135612841735124334e+01,1.452724105668430710e+01,-6.198674215636033935e+00
5.141948028066988030e+01,1.455712202027012481e+01,-5.994683612063676392e+00
5.148632572722078038e+01,1.459049163842871266e+01,-5.792355427969696713e+00
5.155790290769169815e+01,1.462852900813264867e+01,-5.592487200402725733e+00
5.163436997530362760e+01,1.467137781576949251e+01,-5.395434409803689491e+00
5.171616615483672064e+01,1.471947278412045890e+01,-5.201760626240281127e+00
5.180416462911116326e+01,1.477369903568120435e+01,-5.012472933967380584e+00
5.189832882312195750e+01,1.483407040412280686e+01,-4.828092565171828277e+00
5.199881178217192002e+01,1.490078876308599121e+01,-4.649326926664481441e+00
5.210591182432608548e+01,1.497422786974452080e+01,-4.477144646886851653e+00
5.221993421018210313e+01,1.505480324673301595e+01,-4.312791682368033008e+00
5.234028555224702473e+01,1.514201639721866499e+01,-4.156559305017839101e+00
5.246662749861145159e+01,1.523563555620704335e+01,-4.008975242687667695e+00
