-1.073813,0.346745,-0.257004
-1.074058,0.347222,-0.260387
-1.074275,0.347679,-0.263763
-1.074461,0.348117,-0.267132
-1.074618,0.348536,-0.270493
-1.074746,0.348936,-0.273847
-1.074847,0.349319,-0.277194
-1.074919,0.349683,-0.280534
-1.074964,0.350030,-0.283867
-1.074981,0.350360,-0.287193
-1.074973,0.350674,-0.290513
-1.074939,0.350972,-0.293827
-1.074880,0.351255,-0.297135
-1.074796,0.351523,-0.300436
-1.074688,0.351777,-0.303732
-1.074556,0.352018,-0.307022
-1.074403,0.352246,-0.310308
-1.074229,0.352464,-0.313589
-1.074036,0.352672,-0.316867
-1.073824,0.352870,-0.320141
-1.073595,0.353062,-0.323413
-1.073350,0.353247,-0.326682
-1.073092,0.353427,-0.329951
-1.072820,0.353603,-0.333218
-1.072538,0.353778,-0.336486
-1.072247,0.353953,-0.339755
-1.071959,0.354137,-0.343026
-1.071675,0.354333,-0.346302
-1.071397,0.354542,-0.349584
-1.071127,0.354767,-0.352876
-1.070864,0.355006,-0.356177
-1.070608,0.355258,-0.359486
-1.070356,0.355523,-0.362803
-1.070112,0.355803,-0.366130
-1.069876,0.356098,-0.369465
-1.069647,0.356407,-0.372810
-1.069427,0.356732,-0.376165
-1.069216,0.357074,-0.379530
-1.069013,0.357431,-0.382904
-1.068817,0.357801,-0.386287
-1.068628,0.358187,-0.389680
-1.068447,0.358587,-0.393081
-1.068273,0.359001,-0.396492
-1.068106,0.359429,-0.399910
-1.067943,0.359869,-0.403337
-1.067785,0.360322,-0.406771
-1.067633,0.360788,-0.410214
-1.067485,0.361265,-0.413664
-1.067342,0.361755,-0.417122
-1.067201,0.362255,-0.420589
-1.067057,0.362760,-0.424066
-1.066906,0.363270,-0.427554
-1.066753,0.363787,-0.431054
-1.066596,0.364310,-0.434565
-1.066438,0.364841,-0.438087
-1.066279,0.365381,-0.441622
-1.066120,0.365929,-0.445166
-1.065958,0.366484,-0.448719
-1.065796,0.367048,-0.452279
-1.065633,0.367618,-0.455843
-1.065468,0.368195,-0.459410
-1.065300,0.368776,-0.462975
-1.065128,0.369359,-0.466534
-1.064951,0.369944,-0.470085
-1.064769,0.370530,-0.473622
-1.064581,0.371112,-0.477139
-1.064384,0.371690,-0.480635
-1.064177,0.372262,-0.484106
-1.063958,0.372824,-0.487545
-1.063725,0.373375,-0.490950
-1.063477,0.373911,-0.494316
-1.063211,0.374431,-0.497641
-1.062926,0.374931,-0.500921
-1.062618,0.375409,-0.504150
-1.062287,0.375862,-0.507324
-1.061930,0.376287,-0.510437
-1.061544,0.376680,-0.513484
-1.061128,0.377038,-0.516458
-1.060679,0.377359,-0.519355
-1.060194,0.377638,-0.522169
-1.059673,0.377872,-0.524895
-1.059111,0.378058,-0.527526
-1.058506,0.378191,-0.530058
-1.057858,0.378271,-0.532484
-1.057164,0.378294,-0.534799
-1.056426,0.378258,-0.536999
-1.055640,0.378160,-0.539079
-1.054800,0.377995,-0.541033
-1.053907,0.377762,-0.542857
-1.052960,0.377457,-0.544548
-1.051959,0.377081,-0.546103
-1.050897,0.376627,-0.547516
-1.049775,0.376094,-0.548784
-1.048591,0.375481,-0.549905
-1.047348,0.374789,-0.550878
-1.046045,0.374017,-0.551703
-1.044680,0.373162,-0.552375
-1.043251,0.372224,-0.552893
-1.041762,0.371205,-0.553261
-1.040214,0.370106,-0.553479
-1.038606,0.368924,-0.553539
-1.036945,0.367665,-0.553438
-1.035231,0.366327,-0.553171
-1.033466,0.364910,-0.552736
-1.031649,0.363414,-0.552133
-1.029781,0.361840,-0.551362
-1.027861,0.360187,-0.550418
-1.025892,0.358456,-0.549305
-1.023873,0.356648,-0.548022
-1.021807,0.354766,-0.546573
-1.019693,0.352810,-0.544958
-1.017534,0.350782,-0.543179
-1.015331,0.348685,-0.541242
-1.013085,0.346522,-0.539152
-1.010798,0.344295,-0.536913
-1.008472,0.342008,-0.534532
-1.006110,0.339665,-0.532020
-1.003712,0.337268,-0.529378
-1.001280,0.334819,-0.526609
-0.998817,0.332324,-0.523724
-0.996324,0.329785,-0.520730
-0.993804,0.327206,-0.517630
-0.991257,0.324587,-0.514427
-0.988685,0.321933,-0.511127
-0.986091,0.319245,-0.507734
-0.983475,0.316527,-0.504254
-0.980840,0.313781,-0.500690
-0.978187,0.311011,-0.497053
-0.975516,0.308220,-0.493347
-0.972831,0.305409,-0.489577
-0.970131,0.302581,-0.485748
-0.967417,0.299738,-0.481864
-0.964692,0.296884,-0.477931
-0.961960,0.294021,-0.473955
-0.959218,0.291153,-0.469948
-0.956471,0.288282,-0.465915
-0.953717,0.285411,-0.461864
-0.950957,0.282542,-0.457800
-0.948195,0.279677,-0.453728
-0.945430,0.276818,-0.449652
-0.942664,0.273966,-0.445578
-0.939895,0.271123,-0.441509
-0.937129,0.268292,-0.437451
-0.934368,0.265476,-0.433405
-0.931612,0.262676,-0.429375
-0.928861,0.259891,-0.425361
-0.926113,0.257121,-0.421365
-0.923369,0.254366,-0.417390
-0.920631,0.251628,-0.413437
-0.917894,0.248904,-0.409501
-0.915159,0.246193,-0.405581
-0.912427,0.243496,-0.401683
-0.909694,0.240812,-0.397808
-0.906961,0.238141,-0.393957
-0.904226,0.235483,-0.390133
-0.901490,0.232838,-0.386335
-0.898752,0.230205,-0.382563
-0.896012,0.227586,-0.378822
-0.893270,0.224978,-0.375108
-0.890525,0.222384,-0.371426
-0.887779,0.219802,-0.367772
-0.885029,0.217232,-0.364148
-0.882277,0.214674,-0.360553
-0.879522,0.212127,-0.356985
-0.876762,0.209590,-0.353442
-0.873996,0.207062,-0.349923
-0.871225,0.204543,-0.346426
-0.868448,0.202031,-0.342945
-0.865667,0.199527,-0.339481
-0.862882,0.197032,-0.336037
-0.860093,0.194544,-0.332603
-0.857301,0.192064,-0.329176
-0.854506,0.189590,-0.325754
-0.851708,0.187123,-0.322338
-0.848908,0.184663,-0.318925
-0.846107,0.182211,-0.315516
-0.843304,0.179766,-0.312107
-0.840501,0.177329,-0.308700
-0.837697,0.174899,-0.305289
-0.834894,0.172476,-0.301876
-0.832091,0.170062,-0.298460
-0.829290,0.167656,-0.295042
-0.826490,0.165259,-0.291624
-0.823693,0.162872,-0.288207
-0.820899,0.160494,-0.284788
-0.818108,0.158126,-0.281365
-0.815321,0.155767,-0.277934
-0.812538,0.153416,-0.274491
-0.809759,0.151073,-0.271033
-0.806986,0.148740,-0.267564
-0.804217,0.146416,-0.264081
-0.801455,0.144101,-0.260581
-0.798699,0.141795,-0.257063
-0.795948,0.139497,-0.253527
-0.793201,0.137208,-0.249974
-0.790457,0.134926,-0.246403
-0.787717,0.132652,-0.242816
-0.784980,0.130385,-0.239210
-0.782246,0.128126,-0.235585
-0.779514,0.125874,-0.231939
-0.776786,0.123629,-0.228277
-0.774059,0.121393,-0.224598
-0.771335,0.119163,-0.220901
-0.768611,0.116940,-0.217185
-0.765888,0.114723,-0.213450
-0.763163,0.112512,-0.209699
-0.760436,0.110307,-0.205931
-0.757707,0.108107,-0.202146
-0.754975,0.105912,-0.198344
-0.752240,0.103723,-0.194527
-0.749502,0.101539,-0.190696
-0.746760,0.099361,-0.186850
-0.744014,0.097188,-0.182990
-0.741266,0.095023,-0.179119
-0.738516,0.092864,-0.175238
-0.735769,0.090717,-0.171350
-0.733029,0.088582,-0.167456
-0.730295,0.086461,-0.163556
-0.727570,0.084354,-0.159652
-0.724854,0.082262,-0.155743
-0.722146,0.080185,-0.151829
-0.719449,0.078124,-0.147914
-0.716761,0.076078,-0.144000
-0.714082,0.074048,-0.140087
-0.711412,0.072033,-0.136176
-0.708751,0.070034,-0.132266
-0.706099,0.068051,-0.128358
-0.703455,0.066083,-0.124453
-0.700820,0.064130,-0.120549
-0.698195,0.062194,-0.116649
-0.695580,0.060274,-0.112751
-0.692977,0.058372,-0.108856
-0.690386,0.056486,-0.104961
-0.687807,0.054618,-0.101066
-0.685242,0.052767,-0.097168
-0.682690,0.050935,-0.093270
-0.680155,0.049121,-0.089372
-0.677636,0.047327,-0.085474
-0.675133,0.045553,-0.081579
-0.672646,0.043799,-0.077688
-0.670179,0.042066,-0.073799
-0.667730,0.040353,-0.069912
-0.665300,0.038662,-0.066030
-0.662891,0.036993,-0.062154
-0.660502,0.035346,-0.058285
-0.658136,0.033722,-0.054420
-0.655791,0.032120,-0.050561
-0.653470,0.030542,-0.046706
-0.651173,0.028988,-0.042858
-0.648899,0.027457,-0.039015
-0.646651,0.025950,-0.035179
-0.644427,0.024467,-0.031349
-0.642229,0.023009,-0.027524
-0.640057,0.021574,-0.023706
-0.637912,0.020165,-0.019894
-0.635796,0.018782,-0.016092
-0.633711,0.017426,-0.012296
-0.631661,0.016099,-0.008510
-0.629643,0.014800,-0.004733
-0.627662,0.013530,-0.000966
-0.625720,0.012292,0.002790
-0.623816,0.011083,0.006536
-0.621951,0.009907,0.010272
-0.620128,0.008762,0.013995
-0.618346,0.007649,0.017707
-0.616605,0.006567,0.021409
-0.614901,0.005515,0.025101
-0.613231,0.004490,0.028784
-0.611592,0.003491,0.032458
-0.609984,0.002518,0.036123
-0.608403,0.001569,0.039780
-0.606848,0.000643,0.043427
-0.605315,-0.000262,0.047069
-0.603805,-0.001145,0.050703
-0.602319,-0.002007,0.054330
-0.600855,-0.002848,0.057949
-0.599412,-0.003669,0.061561
-0.597991,-0.004469,0.065164
-0.596593,-0.005248,0.068758
-0.595218,-0.006005,0.072342
-0.593862,-0.006743,0.075916
-0.592527,-0.007462,0.079480
-0.591207,-0.008163,0.083034
-0.589904,-0.008846,0.086577
-0.588618,-0.009512,0.090108
-0.587346,-0.010161,0.093627
-0.586086,-0.010796,0.097137
-0.584835,-0.011416,0.100636
-0.583594,-0.012023,0.104125
-0.582361,-0.012617,0.107605
-0.581138,-0.013197,0.111076
-0.579920,-0.013765,0.114539
-0.578707,-0.014322,0.117992
-0.577499,-0.014868,0.121438
-0.576295,-0.015402,0.124880
-0.575092,-0.015928,0.128316
-0.573889,-0.016444,0.131748
-0.572686,-0.016953,0.135175
-0.571477,-0.017455,0.138598
-0.570265,-0.017950,0.142017
-0.569049,-0.018438,0.145432
-0.567825,-0.018921,0.148845
-0.566595,-0.019398,0.152255
-0.565356,-0.019872,0.155662
-0.564108,-0.020340,0.159067
-0.562851,-0.020805,0.162471
-0.561581,-0.021267,0.165873
-0.560298,-0.021726,0.169275
-0.558997,-0.022185,0.172676
-0.557680,-0.022644,0.176076
-0.556341,-0.023104,0.179475
-0.554980,-0.023566,0.182874
-0.553595,-0.024031,0.186271
-0.552183,-0.024501,0.189665
-0.550743,-0.024975,0.193056
-0.549274,-0.025456,0.196445
-0.547772,-0.025943,0.199831
-0.546238,-0.026438,0.203214
-0.544673,-0.026939,0.206592
-0.543075,-0.027447,0.209965
-0.541446,-0.027963,0.213330
-0.539785,-0.028485,0.216685
-0.538093,-0.029015,0.220028
-0.536373,-0.029550,0.223359
-0.534623,-0.030092,0.226676
-0.532843,-0.030640,0.229977
-0.531034,-0.031195,0.233263
-0.529196,-0.031756,0.236530
-0.527329,-0.032325,0.239778
-0.525429,-0.032902,0.243004
-0.523500,-0.033488,0.246207
-0.521539,-0.034081,0.249384
-0.519547,-0.034684,0.252536
-0.517527,-0.035295,0.255658
-0.515477,-0.035914,0.258751
-0.513397,-0.036543,0.261811
-0.511287,-0.037182,0.264839
-0.509150,-0.037828,0.267832
-0.506986,-0.038484,0.270787
-0.504796,-0.039149,0.273701
-0.502579,-0.039824,0.276570
-0.500335,-0.040509,0.279395
-0.498065,-0.041205,0.282174
-0.495768,-0.041911,0.284907
-0.493445,-0.042628,0.287592
-0.491096,-0.043357,0.290224
-0.488722,-0.044097,0.292803
-0.486323,-0.044849,0.295327
-0.483901,-0.045612,0.297797
-0.481457,-0.046386,0.300209
-0.478992,-0.047171,0.302565
-0.476507,-0.047968,0.304859
-0.474002,-0.048776,0.307090
-0.471479,-0.049595,0.309259
-0.468938,-0.050425,0.311361
-0.466381,-0.051267,0.313394
-0.463808,-0.052121,0.315357
-0.461222,-0.052986,0.317244
-0.458622,-0.053863,0.319056
-0.456011,-0.054752,0.320790
-0.453390,-0.055652,0.322445
-0.450761,-0.056562,0.324018
-0.448124,-0.057485,0.325506
-0.445483,-0.058418,0.326910
-0.442836,-0.059361,0.328231
-0.440187,-0.060314,0.329465
-0.437538,-0.061277,0.330612
-0.434888,-0.062249,0.331669
-0.432241,-0.063230,0.332635
-0.429597,-0.064221,0.333507
-0.426956,-0.065221,0.334286
-0.424320,-0.066229,0.334973
-0.421692,-0.067245,0.335568
-0.419072,-0.068268,0.336070
-0.416458,-0.069298,0.336479
-0.413854,-0.070335,0.336795
-0.411260,-0.071378,0.337018
-0.408677,-0.072428,0.337147
-0.406105,-0.073484,0.337180
-0.403543,-0.074545,0.337121
-0.400994,-0.075612,0.336970
-0.398458,-0.076683,0.336728
-0.395936,-0.077757,0.336398
-0.393429,-0.078833,0.335976
-0.390939,-0.079912,0.335467
-0.388464,-0.080993,0.334868
-0.386008,-0.082075,0.334181
-0.383569,-0.083158,0.333405
-0.381148,-0.084242,0.332538
-0.378745,-0.085326,0.331586
-0.376359,-0.086408,0.330553
-0.373991,-0.087488,0.329443
-0.371642,-0.088566,0.328257
-0.369310,-0.089641,0.326996
-0.366996,-0.090712,0.325660
-0.364699,-0.091780,0.324252
-0.362419,-0.092842,0.322777
-0.360156,-0.093900,0.321237
-0.357910,-0.094952,0.319633
-0.355680,-0.095998,0.317965
-0.353466,-0.097037,0.316236
-0.351266,-0.098071,0.314449
-0.349080,-0.099097,0.312607
-0.346907,-0.100116,0.310713
-0.344747,-0.101126,0.308768
-0.342600,-0.102129,0.306774
-0.340464,-0.103123,0.304734
-0.338337,-0.104109,0.302650
-0.336219,-0.105087,0.300527
-0.334109,-0.106055,0.298367
-0.332007,-0.107013,0.296173
-0.329911,-0.107962,0.293947
-0.327819,-0.108902,0.291693
-0.325732,-0.109832,0.289414
-0.323649,-0.110751,0.287114
-0.321567,-0.111661,0.284791
-0.319485,-0.112561,0.282450
-0.317401,-0.113452,0.280093
-0.315316,-0.114333,0.277722
-0.313229,-0.115204,0.275342
-0.311137,-0.116065,0.272955
-0.309040,-0.116916,0.270564
-0.306936,-0.117758,0.268171
-0.304823,-0.118591,0.265778
-0.302698,-0.119415,0.263387
-0.300564,-0.120230,0.260996
-0.298420,-0.121037,0.258607
-0.296266,-0.121834,0.256219
-0.294100,-0.122623,0.253834
-0.291926,-0.123402,0.251452
-0.289745,-0.124172,0.249073
-0.287557,-0.124931,0.246698
-0.285361,-0.125681,0.244328
-0.283157,-0.126421,0.241963
-0.280945,-0.127151,0.239605
-0.278725,-0.127872,0.237254
-0.276495,-0.128583,0.234912
-0.274256,-0.129285,0.232582
-0.272007,-0.129977,0.230269
-0.269748,-0.130659,0.227977
-0.267480,-0.131332,0.225707
-0.265202,-0.131995,0.223455
-0.262915,-0.132649,0.221225
-0.260619,-0.133294,0.219018
-0.258314,-0.133929,0.216836
-0.256000,-0.134554,0.214682
-0.253678,-0.135170,0.212556
-0.251349,-0.135777,0.210455
-0.249010,-0.136375,0.208379
-0.246663,-0.136964,0.206329
-0.244307,-0.137545,0.204305
-0.241944,-0.138117,0.202308
-0.239574,-0.138680,0.200335
-0.237197,-0.139234,0.198388
-0.234816,-0.139779,0.196466
-0.232428,-0.140316,0.194571
-0.230036,-0.140844,0.192707
-0.227641,-0.141363,0.190873
-0.225244,-0.141873,0.189076
-0.222844,-0.142375,0.187316
-0.220441,-0.142868,0.185595
-0.218037,-0.143353,0.183914
-0.215629,-0.143829,0.182278
-0.213220,-0.144298,0.180689
-0.210809,-0.144759,0.179150
-0.208397,-0.145212,0.177663
-0.205986,-0.145657,0.176235
-0.203577,-0.146095,0.174867
-0.201170,-0.146526,0.173562
-0.198762,-0.146950,0.172322
-0.196354,-0.147368,0.171149
-0.193946,-0.147779,0.170042
-0.191540,-0.148185,0.169003
-0.189137,-0.148584,0.168033
-0.186741,-0.148977,0.167131
-0.184356,-0.149363,0.166297
-0.181978,-0.149742,0.165541
-0.179610,-0.150116,0.164860
-0.177252,-0.150484,0.164262
-0.174904,-0.150847,0.163751
-0.172567,-0.151204,0.163330
-0.170239,-0.151556,0.163001
-0.167922,-0.151904,0.162767
-0.165616,-0.152247,0.162631
-0.163322,-0.152586,0.162594
-0.161041,-0.152920,0.162660
-0.158775,-0.153250,0.162828
-0.156524,-0.153576,0.163102
-0.154290,-0.153897,0.163481
-0.152074,-0.154213,0.163961
-0.149878,-0.154524,0.164542
-0.147703,-0.154831,0.165223
-0.145549,-0.155132,0.166004
-0.143419,-0.155428,0.166883
-0.141314,-0.155718,0.167854
-0.139235,-0.156002,0.168913
-0.137183,-0.156280,0.170060
-0.135160,-0.156551,0.171289
-0.133166,-0.156816,0.172600
-0.131208,-0.157074,0.173994
-0.129287,-0.157323,0.175470
-0.127404,-0.157565,0.177026
-0.125560,-0.157799,0.178664
-0.123754,-0.158024,0.180382
-0.121990,-0.158241,0.182179
-0.120270,-0.158449,0.184054
-0.118590,-0.158648,0.186006
-0.116952,-0.158838,0.188033
-0.115357,-0.159018,0.190132
-0.113804,-0.159189,0.192300
-0.112294,-0.159350,0.194535
-0.110829,-0.159501,0.196835
-0.109407,-0.159641,0.199197
-0.108034,-0.159770,0.201619
-0.106709,-0.159888,0.204097
-0.105432,-0.159995,0.206629
-0.104202,-0.160090,0.209207
-0.103018,-0.160174,0.211826
-0.101878,-0.160246,0.214484
-0.100785,-0.160307,0.217178
-0.099742,-0.160356,0.219905
-0.098749,-0.160392,0.222664
-0.097807,-0.160416,0.225452
-0.096916,-0.160427,0.228268
-0.096077,-0.160426,0.231110
-0.095285,-0.160413,0.233979
-0.094543,-0.160386,0.236872
-0.093849,-0.160347,0.239787
-0.093204,-0.160296,0.242722
-0.092605,-0.160232,0.245673
-0.092052,-0.160155,0.248638
-0.091545,-0.160066,0.251614
-0.091083,-0.159965,0.254599
-0.090666,-0.159852,0.257590
-0.090291,-0.159726,0.260585
-0.089960,-0.159589,0.263582
-0.089669,-0.159440,0.266580
-0.089420,-0.159279,0.269575
-0.089211,-0.159106,0.272567
-0.089041,-0.158923,0.275553
-0.088909,-0.158728,0.278534
-0.088813,-0.158522,0.281510
-0.088750,-0.158306,0.284478
-0.088718,-0.158079,0.287440
-0.088716,-0.157842,0.290394
-0.088741,-0.157595,0.293343
-0.088791,-0.157337,0.296288
-0.088865,-0.157069,0.299229
-0.088958,-0.156791,0.302170
-0.089069,-0.156504,0.305109
-0.089191,-0.156207,0.308048
-0.089321,-0.155900,0.310989
-0.089458,-0.155584,0.313930
-0.089598,-0.155259,0.316872
-0.089740,-0.154926,0.319815
-0.089882,-0.154583,0.322759
-0.090021,-0.154231,0.325705
-0.090160,-0.153871,0.328651
-0.090298,-0.153502,0.331597
-0.090435,-0.153125,0.334541
-0.090570,-0.152739,0.337482
-0.090706,-0.152344,0.340420
-0.090844,-0.151941,0.343352
-0.090986,-0.151530,0.346274
-0.091133,-0.151111,0.349182
-0.091287,-0.150685,0.352075
-0.091448,-0.150252,0.354947
-0.091620,-0.149812,0.357801
-0.091809,-0.149364,0.360634
-0.092017,-0.148910,0.363444
-0.092245,-0.148449,0.366229
-0.092495,-0.147981,0.368989
-0.092764,-0.147508,0.371720
-0.093052,-0.147029,0.374424
-0.093365,-0.146544,0.377097
-0.093704,-0.146053,0.379742
-0.094070,-0.145557,0.382361
-0.094465,-0.145054,0.384953
-0.094888,-0.144545,0.387518
-0.095340,-0.144031,0.390054
-0.095824,-0.143511,0.392559
-0.096339,-0.142987,0.395031
-0.096883,-0.142459,0.397469
-0.097455,-0.141928,0.399872
-0.098056,-0.141393,0.402239
-0.098683,-0.140855,0.404570
-0.099334,-0.140316,0.406865
-0.100008,-0.139774,0.409125
-0.100699,-0.139231,0.411348
-0.101404,-0.138687,0.413538
-0.102119,-0.138143,0.415694
-0.102839,-0.137598,0.417819
-0.103561,-0.137054,0.419916
-0.104282,-0.136509,0.421986
-0.104998,-0.135964,0.424032
-0.105705,-0.135420,0.426056
-0.106399,-0.134876,0.428060
-0.107072,-0.134333,0.430045
-0.107720,-0.133791,0.432012
-0.108342,-0.133252,0.433961
-0.108938,-0.132714,0.435895
-0.109505,-0.132179,0.437810
-0.110043,-0.131648,0.439704
-0.110549,-0.131120,0.441577
-0.111023,-0.130598,0.443425
-0.111463,-0.130084,0.445243
-0.111868,-0.129577,0.447028
-0.112236,-0.129080,0.448778
-0.112565,-0.128594,0.450489
-0.112853,-0.128120,0.452156
-0.113100,-0.127660,0.453777
-0.113304,-0.127216,0.455349
-0.113463,-0.126789,0.456864
-0.113577,-0.126380,0.458325
-0.113639,-0.125989,0.459730
-0.113646,-0.125618,0.461081
-0.113600,-0.125267,0.462376
-0.113496,-0.124937,0.463617
-0.113333,-0.124627,0.464802
-0.113104,-0.124339,0.465935
-0.112806,-0.124073,0.467015
-0.112437,-0.123830,0.468043
-0.111998,-0.123609,0.469020
-0.111489,-0.123410,0.469945
-0.110913,-0.123232,0.470820
-0.110266,-0.123077,0.471647
-0.109545,-0.122945,0.472420
-0.108746,-0.122839,0.473135
-0.107870,-0.122758,0.473791
-0.106913,-0.122704,0.474385
-0.105874,-0.122676,0.474921
-0.104751,-0.122673,0.475399
-0.103546,-0.122695,0.475824
-0.102259,-0.122740,0.476197
-0.100888,-0.122807,0.476521
-0.099435,-0.122895,0.476801
-0.097899,-0.123003,0.477037
-0.096282,-0.123130,0.477231
-0.094585,-0.123274,0.477386
-0.092810,-0.123434,0.477506
-0.090960,-0.123609,0.477593
-0.089039,-0.123797,0.477649
-0.087050,-0.123997,0.477673
-0.084995,-0.124209,0.477664
-0.082879,-0.124433,0.477619
-0.080706,-0.124668,0.477541
-0.078479,-0.124912,0.477429
-0.076203,-0.125165,0.477284
-0.073888,-0.125426,0.477105
-0.071539,-0.125694,0.476891
-0.069160,-0.125969,0.476642
-0.066752,-0.126250,0.476358
-0.064321,-0.126536,0.476039
-0.061868,-0.126827,0.475686
-0.059396,-0.127123,0.475300
-0.056909,-0.127422,0.474883
-0.054407,-0.127721,0.474441
-0.051893,-0.128021,0.473978
-0.049369,-0.128319,0.473494
-0.046837,-0.128615,0.472997
-0.044298,-0.128906,0.472491
-0.041751,-0.129192,0.471981
-0.039200,-0.129470,0.471473
-0.036642,-0.129738,0.470973
-0.034078,-0.129996,0.470481
-0.031511,-0.130244,0.470001
-0.028941,-0.130482,0.469533
-0.026368,-0.130708,0.469076
-0.023787,-0.130924,0.468631
-0.021202,-0.131130,0.468199
-0.018611,-0.131324,0.467780
-0.016016,-0.131507,0.467376
-0.013415,-0.131678,0.466989
-0.010807,-0.131836,0.466620
-0.008190,-0.131982,0.466271
-0.005564,-0.132115,0.465941
-0.002931,-0.132235,0.465629
-0.000293,-0.132343,0.465338
0.002349,-0.132436,0.465070
0.004993,-0.132516,0.464825
0.007635,-0.132581,0.464606
0.010274,-0.132632,0.464413
0.012909,-0.132669,0.464242
0.015540,-0.132693,0.464090
0.018165,-0.132705,0.463955
0.020783,-0.132707,0.463833
0.023392,-0.132699,0.463719
0.025993,-0.132683,0.463611
0.028580,-0.132659,0.463505
0.031153,-0.132629,0.463396
0.033711,-0.132594,0.463278
0.036248,-0.132558,0.463145
0.038762,-0.132520,0.462993
0.041249,-0.132482,0.462820
0.043708,-0.132444,0.462624
0.046135,-0.132408,0.462406
0.048526,-0.132374,0.462159
0.050882,-0.132345,0.461877
0.053197,-0.132322,0.461558
0.055473,-0.132306,0.461198
0.057707,-0.132297,0.460795
0.059898,-0.132298,0.460349
0.062044,-0.132307,0.459856
0.064143,-0.132327,0.459317
0.066194,-0.132357,0.458729
0.068194,-0.132399,0.458094
0.070142,-0.132452,0.457408
0.072038,-0.132517,0.456672
0.073881,-0.132596,0.455881
0.075669,-0.132688,0.455037
0.077402,-0.132795,0.454134
0.079079,-0.132918,0.453170
0.080698,-0.133057,0.452144
0.082258,-0.133213,0.451055
0.083757,-0.133386,0.449899
0.085195,-0.133578,0.448675
0.086569,-0.133788,0.447384
0.087881,-0.134014,0.446031
0.089130,-0.134256,0.444620
0.090311,-0.134513,0.443156
0.091425,-0.134784,0.441643
0.092465,-0.135069,0.440084
0.093431,-0.135367,0.438476
0.094319,-0.135680,0.436821
0.095125,-0.136007,0.435119
0.095847,-0.136349,0.433370
0.096488,-0.136705,0.431574
0.097046,-0.137075,0.429733
0.097525,-0.137458,0.427846
0.097922,-0.137854,0.425916
0.098242,-0.138262,0.423942
0.098487,-0.138682,0.421926
0.098657,-0.139113,0.419867
0.098753,-0.139554,0.417768
0.098778,-0.140006,0.415630
0.098731,-0.140466,0.413455
0.098614,-0.140935,0.411244
0.098426,-0.141412,0.408999
0.098165,-0.141896,0.406721
0.097835,-0.142386,0.404412
0.097437,-0.142883,0.402072
0.096970,-0.143384,0.399705
0.096439,-0.143889,0.397312
0.095848,-0.144398,0.394894
0.095199,-0.144909,0.392451
0.094496,-0.145422,0.389983
0.093740,-0.145937,0.387490
0.092936,-0.146452,0.384973
0.092083,-0.146967,0.382436
0.091185,-0.147481,0.379880
0.090245,-0.147993,0.377306
0.089268,-0.148503,0.374714
0.088255,-0.149010,0.372107
0.087209,-0.149513,0.369484
0.086132,-0.150013,0.366847
0.085029,-0.150507,0.364195
0.083903,-0.150996,0.361531
0.082757,-0.151480,0.358852
0.081590,-0.151958,0.356161
0.080406,-0.152430,0.353460
0.079205,-0.152894,0.350750
0.077989,-0.153351,0.348034
0.076759,-0.153801,0.345315
0.075516,-0.154242,0.342594
0.074263,-0.154674,0.339870
0.072998,-0.155098,0.337147
0.071727,-0.155513,0.334426
0.070452,-0.155918,0.331707
0.069175,-0.156315,0.328989
0.067895,-0.156702,0.326269
0.066616,-0.157081,0.323545
0.065337,-0.157451,0.320813
0.064065,-0.157813,0.318072
0.062802,-0.158166,0.315321
0.061555,-0.158511,0.312561
0.060327,-0.158846,0.309790
0.059122,-0.159172,0.307008
0.057944,-0.159488,0.304214
0.056795,-0.159795,0.301409
0.055676,-0.160093,0.298591
0.054592,-0.160381,0.295762
0.053540,-0.160660,0.292920
0.052521,-0.160930,0.290066
0.051537,-0.161190,0.287199
0.050586,-0.161441,0.284319
0.049665,-0.161683,0.281427
0.048777,-0.161916,0.278523
0.047922,-0.162139,0.275606
0.047101,-0.162354,0.272677
0.046316,-0.162559,0.269736
0.045568,-0.162755,0.266782
0.044857,-0.162942,0.263817
0.044181,-0.163119,0.260839
0.043540,-0.163288,0.257850
0.042929,-0.163447,0.254849
0.042349,-0.163598,0.251838
0.041800,-0.163739,0.248816
0.041281,-0.163872,0.245784
0.040789,-0.163995,0.242740
0.040326,-0.164110,0.239685
0.039889,-0.164216,0.236616
0.039477,-0.164313,0.233535
0.039088,-0.164401,0.230440
0.038723,-0.164481,0.227334
0.038380,-0.164551,0.224214
0.038059,-0.164613,0.221082
0.037760,-0.164666,0.217940
0.037481,-0.164710,0.214789
0.037222,-0.164745,0.211632
0.036984,-0.164771,0.208469
0.036767,-0.164789,0.205302
0.036573,-0.164797,0.202130
0.036401,-0.164796,0.198954
0.036254,-0.164786,0.195774
0.036133,-0.164768,0.192594
0.036041,-0.164740,0.189417
0.035982,-0.164703,0.186246
0.035957,-0.164658,0.183084
0.035966,-0.164603,0.179935
0.036010,-0.164540,0.176801
0.036093,-0.164469,0.173685
0.036218,-0.164389,0.170591
0.036389,-0.164301,0.167526
0.036608,-0.164206,0.164497
0.036873,-0.164103,0.161509
0.037185,-0.163993,0.158566
0.037545,-0.163877,0.155673
0.037952,-0.163755,0.152834
0.038403,-0.163628,0.150053
0.038896,-0.163496,0.147335
0.039433,-0.163360,0.144682
0.040012,-0.163220,0.142099
0.040636,-0.163077,0.139589
0.041304,-0.162931,0.137153
0.042016,-0.162782,0.134792
0.042773,-0.162632,0.132509
0.043580,-0.162480,0.130308
0.044436,-0.162326,0.128187
0.045340,-0.162172,0.126149
0.046291,-0.162017,0.124194
0.047291,-0.161862,0.122323
0.048337,-0.161706,0.120535
0.049429,-0.161551,0.118833
0.050571,-0.161396,0.117216
0.051762,-0.161242,0.115685
0.053006,-0.161088,0.114241
0.054300,-0.160934,0.112880
0.055642,-0.160782,0.111602
0.057035,-0.160629,0.110406
0.058479,-0.160478,0.109294
0.059974,-0.160327,0.108269
0.061522,-0.160177,0.107330
0.063123,-0.160028,0.106478
0.064776,-0.159880,0.105713
0.066482,-0.159732,0.105036
0.068242,-0.159585,0.104448
0.070053,-0.159439,0.103951
0.071917,-0.159293,0.103541
0.073833,-0.159147,0.103217
0.075799,-0.159000,0.102976
0.077816,-0.158854,0.102821
0.079882,-0.158707,0.102749
0.081996,-0.158558,0.102760
0.084158,-0.158409,0.102854
0.086367,-0.158258,0.103032
0.088622,-0.158106,0.103293
0.090920,-0.157952,0.103633
0.093258,-0.157796,0.104050
0.095634,-0.157637,0.104542
0.098046,-0.157475,0.105109
0.100489,-0.157311,0.105754
0.102960,-0.157145,0.106477
0.105456,-0.156976,0.107278
0.107972,-0.156804,0.108149
0.110505,-0.156629,0.109085
0.113055,-0.156451,0.110083
0.115617,-0.156268,0.111137
0.118190,-0.156081,0.112242
0.120772,-0.155890,0.113395
0.123364,-0.155693,0.114591
0.125966,-0.155490,0.115824
0.128575,-0.155282,0.117090
0.131192,-0.155067,0.118386
0.133814,-0.154845,0.119706
0.136442,-0.154617,0.121050
0.139074,-0.154382,0.122418
0.141711,-0.154140,0.123806
0.144352,-0.153890,0.125211
0.146995,-0.153633,0.126632
0.149640,-0.153369,0.128070
0.152292,-0.153096,0.129524
0.154949,-0.152816,0.130996
0.157613,-0.152527,0.132486
0.160285,-0.152230,0.133992
0.162962,-0.151924,0.135516
0.165646,-0.151610,0.137054
0.168335,-0.151286,0.138611
0.171031,-0.150954,0.140187
0.173732,-0.150614,0.141786
0.176439,-0.150264,0.143408
0.179148,-0.149906,0.145054
0.181856,-0.149540,0.146723
0.184562,-0.149166,0.148417
0.187263,-0.148784,0.150137
0.189957,-0.148395,0.151883
0.192641,-0.147999,0.153656
0.195314,-0.147596,0.155457
0.197973,-0.147187,0.157284
0.200617,-0.146771,0.159138
0.203245,-0.146350,0.161023
0.205858,-0.145923,0.162939
0.208452,-0.145489,0.164883
0.211027,-0.145051,0.166857
0.213580,-0.144607,0.168861
0.216111,-0.144158,0.170894
0.218619,-0.143704,0.172956
0.221101,-0.143245,0.175046
0.223557,-0.142783,0.177166
0.225986,-0.142316,0.179314
0.228387,-0.141845,0.181491
0.230760,-0.141370,0.183695
0.233107,-0.140890,0.185921
0.235427,-0.140406,0.188166
0.237719,-0.139919,0.190425
0.239985,-0.139426,0.192699
0.242224,-0.138930,0.194987
0.244438,-0.138429,0.197284
0.246627,-0.137924,0.199591
0.248793,-0.137414,0.201909
0.250939,-0.136898,0.204237
0.253064,-0.136378,0.206576
0.255167,-0.135852,0.208927
0.257248,-0.135321,0.211294
0.259309,-0.134785,0.213678
0.261349,-0.134244,0.216078
0.263369,-0.133697,0.218494
0.265370,-0.133144,0.220923
0.267350,-0.132586,0.223369
0.269312,-0.132022,0.225830
0.271256,-0.131452,0.228306
0.273182,-0.130875,0.230797
0.275088,-0.130293,0.233301
0.276974,-0.129706,0.235816
0.278841,-0.129113,0.238344
0.280686,-0.128514,0.240884
0.282511,-0.127910,0.243434
0.284315,-0.127301,0.245996
0.286098,-0.126686,0.248566
0.287860,-0.126067,0.251143
0.289602,-0.125443,0.253722
0.291322,-0.124814,0.256301
0.293025,-0.124179,0.258880
0.294714,-0.123539,0.261457
0.296391,-0.122892,0.264030
0.298059,-0.122237,0.266595
0.299722,-0.121575,0.269153
0.301383,-0.120904,0.271698
0.303044,-0.120223,0.274229
0.304709,-0.119533,0.276744
0.306381,-0.118833,0.279238
0.308059,-0.118122,0.281710
0.309744,-0.117401,0.284161
0.311438,-0.116670,0.286588
0.313144,-0.115927,0.288987
0.314866,-0.115173,0.291359
0.316602,-0.114407,0.293698
0.318355,-0.113630,0.296002
0.320129,-0.112841,0.298268
0.321924,-0.112040,0.300494
0.323741,-0.111227,0.302676
0.325583,-0.110402,0.304812
0.327446,-0.109566,0.306898
0.329335,-0.108718,0.308930
0.331251,-0.107860,0.310906
0.333196,-0.106990,0.312825
0.335167,-0.106110,0.314684
0.337168,-0.105218,0.316483
0.339196,-0.104316,0.318222
0.341250,-0.103405,0.319900
0.343327,-0.102486,0.321516
0.345422,-0.101560,0.323071
0.347536,-0.100627,0.324564
0.349669,-0.099689,0.325992
0.351822,-0.098746,0.327350
0.353992,-0.097798,0.328637
0.356181,-0.096847,0.329850
0.358388,-0.095892,0.330991
0.360610,-0.094935,0.332059
0.362849,-0.093976,0.333047
0.365104,-0.093017,0.333957
0.367371,-0.092057,0.334785
0.369656,-0.091098,0.335528
0.371955,-0.090139,0.336188
0.374271,-0.089180,0.336761
0.376603,-0.088223,0.337246
0.378949,-0.087268,0.337641
0.381310,-0.086315,0.337943
0.383684,-0.085366,0.338151
0.386073,-0.084420,0.338267
0.388475,-0.083477,0.338289
0.390893,-0.082537,0.338218
0.393326,-0.081599,0.338057
0.395774,-0.080664,0.337804
0.398234,-0.079733,0.337460
0.400707,-0.078805,0.337023
0.403191,-0.077881,0.336494
0.405684,-0.076963,0.335873
0.408185,-0.076049,0.335164
0.410692,-0.075141,0.334363
0.413203,-0.074238,0.333475
0.415718,-0.073341,0.332505
0.418234,-0.072450,0.331450
0.420752,-0.071565,0.330308
0.423270,-0.070687,0.329081
0.425787,-0.069815,0.327771
0.428299,-0.068952,0.326377
0.430806,-0.068096,0.324901
0.433308,-0.067248,0.323347
0.435801,-0.066408,0.321712
0.438283,-0.065578,0.319998
0.440752,-0.064757,0.318208
0.443206,-0.063947,0.316341
0.445645,-0.063146,0.314401
0.448065,-0.062356,0.312392
0.450466,-0.061576,0.310317
0.452843,-0.060808,0.308177
0.455197,-0.060051,0.305975
0.457527,-0.059305,0.303712
0.459829,-0.058571,0.301389
0.462106,-0.057848,0.299010
0.464355,-0.057137,0.296574
0.466581,-0.056435,0.294081
0.468780,-0.055744,0.291532
0.470953,-0.055064,0.288927
0.473099,-0.054394,0.286271
0.475218,-0.053733,0.283564
0.477309,-0.053082,0.280806
0.479372,-0.052441,0.278000
0.481405,-0.051810,0.275145
0.483408,-0.051189,0.272246
0.485382,-0.050577,0.269305
0.487324,-0.049974,0.266329
0.489229,-0.049382,0.263322
0.491096,-0.048802,0.260285
0.492923,-0.048234,0.257219
0.494710,-0.047678,0.254127
0.496457,-0.047135,0.251012
0.498163,-0.046602,0.247875
0.499831,-0.046081,0.244720
0.501458,-0.045571,0.241546
0.503047,-0.045071,0.238356
0.504594,-0.044583,0.235150
0.506101,-0.044106,0.231930
0.507569,-0.043640,0.228695
0.508999,-0.043184,0.225446
0.510391,-0.042737,0.222187
0.511747,-0.042300,0.218917
0.513069,-0.041870,0.215637
0.514356,-0.041449,0.212346
0.515613,-0.041033,0.209047
0.516840,-0.040623,0.205737
0.518043,-0.040216,0.202414
0.519220,-0.039813,0.199081
0.520376,-0.039412,0.195737
0.521511,-0.039011,0.192383
0.522628,-0.038611,0.189019
0.523730,-0.038209,0.185645
0.524818,-0.037804,0.182262
0.525893,-0.037397,0.178868
0.526954,-0.036988,0.175466
0.528003,-0.036575,0.172057
0.529042,-0.036158,0.168641
0.530071,-0.035736,0.165218
0.531093,-0.035308,0.161789
0.532106,-0.034876,0.158353
0.533114,-0.034437,0.154908
0.534117,-0.033990,0.151456
0.535115,-0.033537,0.147994
0.536110,-0.033076,0.144525
0.537104,-0.032606,0.141047
0.538099,-0.032126,0.137559
0.539094,-0.031636,0.134062
0.540092,-0.031135,0.130555
0.541097,-0.030622,0.127038
0.542111,-0.030094,0.123511
0.543135,-0.029551,0.119974
0.544168,-0.028994,0.116428
0.545211,-0.028423,0.112875
0.546262,-0.027837,0.109314
0.547323,-0.027237,0.105746
0.548393,-0.026623,0.102170
0.549470,-0.025996,0.098587
0.550555,-0.025354,0.094993
0.551653,-0.024696,0.091384
0.552763,-0.024021,0.087762
0.553885,-0.023331,0.084126
0.555021,-0.022623,0.080477
0.556173,-0.021898,0.076815
0.557338,-0.021155,0.073142
0.558519,-0.020394,0.069458
0.559717,-0.019614,0.065763
0.560932,-0.018815,0.062056
0.562167,-0.017995,0.058339
0.563423,-0.017155,0.054612
0.564700,-0.016293,0.050876
0.566000,-0.015409,0.047132
0.567325,-0.014502,0.043380
0.568675,-0.013572,0.039620
0.570050,-0.012619,0.035853
0.571453,-0.011641,0.032079
0.572881,-0.010640,0.028300
0.574333,-0.009616,0.024516
0.575806,-0.008571,0.020730
0.577304,-0.007503,0.016940
0.578824,-0.006414,0.013148
0.580363,-0.005305,0.009355
0.581922,-0.004176,0.005561
0.583496,-0.003029,0.001768
0.585085,-0.001865,-0.002023
0.586686,-0.000684,-0.005812
0.588301,0.000513,-0.009599
0.589930,0.001727,-0.013385
0.591574,0.002959,-0.017169
0.593233,0.004208,-0.020953
0.594908,0.005475,-0.024737
0.596600,0.006760,-0.028521
0.598309,0.008065,-0.032308
0.600035,0.009388,-0.036099
0.601779,0.010732,-0.039896
0.603543,0.012096,-0.043699
0.605325,0.013481,-0.047511
0.607129,0.014887,-0.051331
0.608953,0.016316,-0.055160
0.610797,0.017766,-0.058999
0.612658,0.019236,-0.062847
0.614533,0.020725,-0.066704
0.616422,0.022231,-0.070570
0.618322,0.023756,-0.074445
0.620235,0.025298,-0.078331
0.622162,0.026860,-0.082229
0.624105,0.028441,-0.086135
0.626063,0.030041,-0.090050
0.628039,0.031663,-0.093976
0.630032,0.033306,-0.097910
0.632044,0.034969,-0.101849
0.634074,0.036654,-0.105794
0.636124,0.038360,-0.109742
0.638195,0.040088,-0.113693
0.640287,0.041837,-0.117646
0.642399,0.043609,-0.121603
0.644533,0.045404,-0.125563
0.646687,0.047220,-0.129524
0.648862,0.049058,-0.133484
0.651057,0.050917,-0.137446
0.653274,0.052799,-0.141409
0.655511,0.054702,-0.145374
0.657766,0.056627,-0.149340
0.660038,0.058572,-0.153308
0.662325,0.060535,-0.157280
0.664623,0.062516,-0.161253
0.666931,0.064513,-0.165228
0.669247,0.066525,-0.169205
0.671572,0.068553,-0.173184
0.673903,0.070595,-0.177165
0.676236,0.072649,-0.181147
0.678572,0.074714,-0.185130
0.680909,0.076792,-0.189117
0.683247,0.078881,-0.193109
0.685587,0.080983,-0.197105
0.687929,0.083097,-0.201107
0.690274,0.085224,-0.205116
0.692621,0.087364,-0.209132
0.694969,0.089516,-0.213156
0.697317,0.091681,-0.217190
0.699665,0.093858,-0.221237
0.702012,0.096048,-0.225298
0.704356,0.098250,-0.229374
0.706697,0.100462,-0.233464
0.709034,0.102685,-0.237565
0.711367,0.104917,-0.241674
0.713693,0.107158,-0.245790
0.716013,0.109405,-0.249909
0.718325,0.111658,-0.254030
0.720629,0.113917,-0.258155
0.722924,0.116181,-0.262279
0.725212,0.118450,-0.266401
0.727493,0.120726,-0.270523
0.729770,0.123007,-0.274644
0.732044,0.125297,-0.278763
0.734315,0.127593,-0.282876
0.736584,0.129896,-0.286983
0.738850,0.132207,-0.291084
0.741116,0.134525,-0.295181
0.743380,0.136849,-0.299267
0.745644,0.139180,-0.303343
0.747908,0.141519,-0.307408
0.750173,0.143864,-0.311462
0.752439,0.146217,-0.315508
0.754706,0.148579,-0.319547
0.756976,0.150949,-0.323578
0.759248,0.153328,-0.327602
0.761523,0.155717,-0.331618
0.763803,0.158115,-0.335628
0.766088,0.160524,-0.339633
0.768376,0.162943,-0.343629
0.770666,0.165369,-0.347616
0.772956,0.167801,-0.351594
0.775248,0.170241,-0.355562
0.777539,0.172688,-0.359525
0.779831,0.175141,-0.363477
0.782123,0.177601,-0.367422
0.784414,0.180068,-0.371361
0.786705,0.182541,-0.375295
0.788995,0.185021,-0.379223
0.791283,0.187508,-0.383147
0.793572,0.190002,-0.387067
0.795861,0.192503,-0.390984
0.798150,0.195011,-0.394891
0.800439,0.197524,-0.398786
0.802729,0.200042,-0.402670
0.805020,0.202566,-0.406545
0.807311,0.205095,-0.410406
0.809602,0.207630,-0.414257
0.811894,0.210169,-0.418096
0.814186,0.212713,-0.421918
0.816480,0.215258,-0.425718
0.818774,0.217805,-0.429491
0.821070,0.220351,-0.433233
0.823368,0.222897,-0.436942
0.825667,0.225442,-0.440618
0.827967,0.227986,-0.444262
0.830268,0.230529,-0.447875
0.832571,0.233070,-0.451454
0.834876,0.235611,-0.455001
0.837182,0.238150,-0.458516
0.839491,0.240692,-0.462009
0.841805,0.243239,-0.465482
0.844124,0.245790,-0.468938
0.846448,0.248346,-0.472376
0.848777,0.250907,-0.475795
0.851111,0.253475,-0.479201
0.853449,0.256047,-0.482592
0.855790,0.258623,-0.485968
0.858133,0.261203,-0.489327
0.860477,0.263785,-0.492672
0.862821,0.266369,-0.496002
0.865161,0.268953,-0.499315
0.867496,0.271534,-0.502611
0.869825,0.274110,-0.505883
0.872145,0.276678,-0.509127
0.874456,0.279236,-0.512337
0.876756,0.281781,-0.515509
0.879044,0.284312,-0.518643
0.881321,0.286829,-0.521740
0.883584,0.289332,-0.524798
0.885837,0.291821,-0.527819
0.888082,0.294298,-0.530802
0.890312,0.296758,-0.533745
0.892528,0.299201,-0.536646
0.894730,0.301623,-0.539495
0.896917,0.304023,-0.542292
0.899087,0.306397,-0.545027
0.901238,0.308741,-0.547692
0.903369,0.311051,-0.550283
0.905479,0.313325,-0.552792
0.907567,0.315561,-0.555212
0.909633,0.317755,-0.557538
0.911676,0.319905,-0.559764
0.913695,0.322009,-0.561888
0.915689,0.324065,-0.563908
0.917655,0.326071,-0.565819
0.919593,0.328022,-0.567612
0.921502,0.329917,-0.569287
0.923380,0.331754,-0.570836
0.925228,0.333529,-0.572253
0.927044,0.335242,-0.573539
0.928828,0.336892,-0.574695
0.930579,0.338478,-0.575717
0.932294,0.339998,-0.576608
0.933973,0.341452,-0.577365
0.935617,0.342840,-0.577991
0.937223,0.344161,-0.578486
0.938792,0.345415,-0.578852
0.940323,0.346604,-0.579094
0.941817,0.347729,-0.579215
0.943272,0.348788,-0.579212
0.944683,0.349773,-0.579075
0.946048,0.350683,-0.578800
0.947366,0.351515,-0.578385
0.948634,0.352266,-0.577825
0.949851,0.352936,-0.577122
0.951019,0.353525,-0.576274
0.952137,0.354033,-0.575282
0.953208,0.354464,-0.574145
0.954233,0.354817,-0.572867
0.955209,0.355092,-0.571446
0.956138,0.355288,-0.569882
0.957021,0.355410,-0.568179
0.957861,0.355459,-0.566339
0.958658,0.355439,-0.564370
0.959415,0.355354,-0.562276
0.960133,0.355207,-0.560071
0.960814,0.355003,-0.557758
0.961462,0.354746,-0.555341
0.962072,0.354433,-0.552821
0.962643,0.354062,-0.550198
0.963173,0.353634,-0.547474
0.963662,0.353149,-0.544649
0.964114,0.352612,-0.541728
0.964528,0.352022,-0.538712
0.964905,0.351382,-0.535607
0.965247,0.350695,-0.532417
0.965555,0.349965,-0.529150
0.965834,0.349198,-0.525813
0.966085,0.348396,-0.522412
0.966311,0.347564,-0.518953
0.966512,0.346705,-0.515443
0.966689,0.345819,-0.511886
0.966842,0.344910,-0.508289
0.966973,0.343981,-0.504657
0.967085,0.343034,-0.500992
0.967179,0.342072,-0.497301
0.967257,0.341098,-0.493590
0.967321,0.340117,-0.489862
0.967372,0.339128,-0.486122
0.967408,0.338132,-0.482372
0.967428,0.337127,-0.478610
0.967433,0.336114,-0.474838
0.967424,0.335096,-0.471060
0.967402,0.334073,-0.467278
0.967367,0.333047,-0.463495
0.967320,0.332019,-0.459712
0.967264,0.330990,-0.455929
0.967201,0.329963,-0.452146
0.967133,0.328938,-0.448364
0.967061,0.327917,-0.444579
0.966990,0.326905,-0.440796
0.966928,0.325908,-0.437021
0.966874,0.324926,-0.433255
0.966832,0.323966,-0.429501
0.966811,0.323032,-0.425765
0.966809,0.322125,-0.422049
0.966827,0.321246,-0.418353
0.966865,0.320395,-0.414679
0.966918,0.319568,-0.411025
0.966989,0.318767,-0.407391
0.967080,0.317994,-0.403778
0.967191,0.317249,-0.400188
0.967323,0.316532,-0.396618
0.967476,0.315844,-0.393068
0.967649,0.315183,-0.389539
0.967837,0.314547,-0.386031
0.968037,0.313930,-0.382537
0.968247,0.313331,-0.379058
0.968459,0.312744,-0.375591
0.968676,0.312170,-0.372138
0.968900,0.311613,-0.368703
0.969128,0.311070,-0.365288
0.969359,0.310542,-0.361896
0.969594,0.310028,-0.358528
0.969835,0.309533,-0.355190
0.970083,0.309056,-0.351882
0.970337,0.308598,-0.348608
0.970597,0.308158,-0.345368
0.970861,0.307734,-0.342162
0.971129,0.307327,-0.338992
0.971397,0.306933,-0.335857
0.971667,0.306554,-0.332756
0.971937,0.306188,-0.329693
0.972206,0.305833,-0.326664
0.972472,0.305488,-0.323665
0.972731,0.305148,-0.320692
0.972982,0.304809,-0.317740
0.973221,0.304471,-0.314806
0.973444,0.304127,-0.311885
0.973651,0.303776,-0.308976
0.973842,0.303421,-0.306081
0.974019,0.303064,-0.303211
0.974184,0.302706,-0.300369
0.974336,0.302349,-0.297558
0.974479,0.301995,-0.294783
0.974613,0.301645,-0.292046
0.974742,0.301302,-0.289349
0.974867,0.300967,-0.286695
0.974988,0.300640,-0.284084
0.975108,0.300325,-0.281521
0.975230,0.300023,-0.279006
0.975349,0.299731,-0.276538
0.975466,0.299448,-0.274116
0.975584,0.299177,-0.271742
0.975702,0.298917,-0.269414
0.975814,0.298661,-0.267128
0.975922,0.298412,-0.264882
0.976026,0.298168,-0.262675
0.976128,0.297932,-0.260505
0.976232,0.297706,-0.258373
0.976338,0.297490,-0.256277
0.976443,0.297281,-0.254216
0.976548,0.297079,-0.252187
0.976648,0.296881,-0.250192
0.976734,0.296678,-0.248226
0.976806,0.296469,-0.246286
0.976868,0.296256,-0.244370
0.976920,0.296043,-0.242483
0.976965,0.295828,-0.240619
0.977005,0.295614,-0.238782
0.977040,0.295403,-0.236968
0.977071,0.295192,-0.235175
0.977097,0.294981,-0.233399
0.977121,0.294773,-0.231639
0.977140,0.294565,-0.229891
0.977155,0.294355,-0.228152
0.977163,0.294143,-0.226418
0.977166,0.293929,-0.224688
0.977164,0.293712,-0.222960
0.977158,0.293494,-0.221233
0.977147,0.293273,-0.219504
0.977133,0.293052,-0.217775
0.977116,0.292830,-0.216042
0.977096,0.292607,-0.214306
0.977077,0.292386,-0.212569
0.977058,0.292168,-0.210832
0.977043,0.291955,-0.209100
0.977035,0.291751,-0.207377
0.977034,0.291557,-0.205665
